Date,Technology,Health,Real Estate,Energy,Industrials,Inflation
2020-01-02,1639.1,1190.45,237.14,460.34,700.05,
2020-01-03,1621.7,1180.33,239.06,458.77,699.23,
2020-01-06,1626.4,1187.27,239.26,462.34,699.04,
2020-01-07,1624.6,1184.41,236.4,461.39,698.18,
2020-01-08,1641.4,1192.03,237.4,453.36,699.78,
2020-01-09,1659.9,1197.64,237.55,456.79,702.98,
2020-01-10,1656.8,1198.13,239.8,453.87,697.97,
2020-01-13,1679.1,1193.9,242.77,454.25,704.16,
2020-01-14,1669.1,1200.43,241.57,454.26,704.15,
2020-01-15,1670.3,1210.62,243.44,451.21,704.75,
2020-01-16,1693.7,1216.96,245.37,451.74,711.84,
2020-01-17,1705.8,1217.69,245.7,448.77,711.83,
2020-01-21,1704.3,1218.2,248.33,440.32,704.1,
2020-01-22,1710.6,1219.64,246.37,436.39,700.02,
2020-01-23,1718.8,1213.6,248.75,434.81,707.9,
2020-01-24,1711.1,1193.25,248.17,429.71,704.53,
2020-01-27,1670.7,1184.21,247.14,417.87,691.38,
2020-01-28,1702.0,1189.86,247.88,419.59,695.72,
2020-01-29,1705.6,1186.54,246.33,415.12,699.57,
2020-01-30,1720.7,1177.34,246.98,418.79,700.16,
2020-01-31,1673.9,1153.96,243.62,405.45,684.12,
2020-02-03,1696.0,1164.64,243.94,400.02,683.84,
2020-02-04,1740.1,1184.41,246.84,400.81,696.42,
2020-02-05,1750.6,1207.71,246.67,415.97,707.99,
2020-02-06,1766.0,1209.05,247.66,411.64,710.17,
2020-02-07,1748.7,1199.27,247.78,408.55,705.2,
2020-02-10,1772.4,1205.41,250.82,405.24,709.17,
2020-02-11,1766.3,1212.83,253.88,409.47,711.68,
2020-02-12,1785.0,1214.51,255.58,415.03,718.21,
2020-02-13,1779.7,1207.93,256.87,413.15,713.22,
2020-02-14,1788.5,1209.53,259.71,409.82,712.8,
2020-02-18,1782.2,1205.08,259.31,406.42,708.8,
2020-02-19,1801.6,1210.55,255.78,411.79,708.42,
2020-02-20,1783.4,1203.03,258.73,411.11,707.25,
2020-02-21,1743.3,1203.41,259.71,405.93,704.12,
2020-02-24,1670.3,1164.14,256.23,386.7,683.15,
2020-02-25,1617.2,1129.79,249.64,369.92,655.63,
2020-02-26,1623.6,1128.63,247.45,358.94,650.42,
2020-02-27,1537.1,1091.03,233.62,339.3,625.79,
2020-02-28,1549.2,1075.66,227.7,343.53,618.39,
2020-03-02,1637.6,1127.57,239.21,353.68,635.4,
2020-03-03,1575.5,1098.88,238.96,342.64,619.97,
2020-03-04,1643.0,1162.75,248.49,350.25,645.95,
2020-03-05,1590.2,1134.9,242.63,337.59,613.91,
2020-03-06,1557.9,1129.02,238.52,318.64,608.4,
2020-03-09,1440.2,1070.44,221.47,254.65,552.41,
2020-03-10,1535.2,1107.57,232.52,267.37,581.23,
2020-03-11,1463.0,1064.27,219.87,252.77,546.68,
2020-03-12,1319.1,985.4,200.75,221.69,490.22,
2020-03-13,1476.9,1053.92,218.08,241.29,528.6,
2020-03-16,1271.4,948.61,181.99,208.41,468.1,
2020-03-17,1357.5,1007.95,194.62,209.92,487.75,
2020-03-18,1295.2,973.71,180.1,179.94,452.86,
2020-03-19,1309.6,955.54,177.68,192.08,454.35,
2020-03-20,1251.7,916.59,167.95,193.93,431.44,
2020-03-23,1239.4,870.99,158.62,181.03,412.06,
2020-03-24,1367.1,937.08,172.18,210.56,464.6,
2020-03-25,1363.3,948.94,179.92,220.02,489.2,
2020-03-26,1449.8,1015.18,193.97,233.76,520.58,
2020-03-27,1383.0,990.69,193.83,217.56,498.02,
2020-03-30,1441.6,1036.98,199.13,219.81,505.54,
2020-03-31,1414.4,1032.9,192.64,223.4,499.12,
2020-04-01,1347.7,993.02,180.87,213.04,476.24,256.032
2020-04-02,1378.4,1020.68,183.29,232.37,483.2,
2020-04-03,1355.6,1010.87,181.9,229.26,475.7,
2020-04-06,1474.6,1065.43,195.02,241.07,509.1,
2020-04-07,1458.9,1055.49,195.25,245.9,508.15,
2020-04-08,1499.0,1099.88,209.71,262.46,526.68,
2020-04-09,1499.2,1106.01,220.5,259.63,534.19,
2020-04-13,1502.2,1095.15,210.39,258.57,518.92,
2020-04-14,1564.9,1131.35,217.24,257.37,528.73,
2020-04-15,1530.7,1125.42,208.96,245.34,513.82,
2020-04-16,1549.7,1150.15,207.72,235.59,509.49,
2020-04-17,1571.0,1173.93,214.41,260.17,533.43,
2020-04-20,1543.0,1164.79,206.4,251.6,519.05,
2020-04-21,1479.7,1128.23,203.08,247.38,506.51,
2020-04-22,1536.9,1146.31,206.95,256.24,512.31,
2020-04-23,1526.3,1151.83,204.49,263.96,516.24,
2020-04-24,1558.5,1168.43,205.08,264.51,520.2,
2020-04-27,1572.7,1183.79,211.23,270.07,533.32,
2020-04-28,1550.6,1158.58,211.28,275.99,543.13,
2020-04-29,1616.0,1167.15,212.02,296.28,553.65,
2020-04-30,1608.6,1162.03,210.61,289.65,542.35,
2020-05-01,1561.7,1137.89,203.79,272.28,526.21,255.802
2020-05-04,1583.9,1138.72,203.76,282.38,519.21,
2020-05-05,1606.5,1163.21,205.04,283.12,521.43,
2020-05-06,1617.9,1151.78,201.26,275.67,514.31,
2020-05-07,1642.4,1151.26,202.97,282.49,520.17,
2020-05-08,1665.4,1157.47,206.76,294.75,533.16,
2020-05-11,1677.0,1177.17,204.25,289.78,526.51,
2020-05-12,1641.2,1159.62,195.57,282.93,511.55,
2020-05-13,1613.5,1146.87,192.42,270.52,498.43,
2020-05-14,1633.8,1159.19,192.6,273.07,503.27,
2020-05-15,1640.7,1167.63,191.75,272.31,501.72,
2020-05-18,1682.7,1178.58,201.21,292.87,534.9,
2020-05-19,1675.9,1164.35,197.48,284.4,528.03,
2020-05-20,1711.4,1165.78,199.16,295.26,537.56,
2020-05-21,1687.4,1156.32,198.09,290.88,538.45,
2020-05-22,1694.5,1158.51,202.46,288.94,537.84,
2020-05-26,1692.5,1156.27,208.87,297.34,560.67,
2020-05-27,1701.7,1168.41,213.35,300.79,579.41,
2020-05-28,1698.4,1183.11,216.0,292.04,573.74,
2020-05-29,1718.5,1198.14,214.27,291.59,570.15,
2020-06-01,1718.9,1186.09,218.78,296.5,571.28,257.042
2020-06-02,1735.0,1193.3,220.22,304.37,578.63,
2020-06-03,1749.3,1190.92,225.51,313.65,601.27,
2020-06-04,1734.6,1181.32,221.44,313.17,607.57,
2020-06-05,1781.2,1200.89,229.41,336.52,630.14,
2020-06-08,1789.2,1208.56,234.35,351.06,642.58,
2020-06-09,1797.8,1195.49,231.73,338.46,626.44,
2020-06-10,1828.2,1193.84,227.3,321.81,611.5,
2020-06-11,1722.0,1126.67,213.07,291.39,568.41,
2020-06-12,1745.1,1134.51,219.81,299.28,579.51,
2020-06-15,1760.3,1136.59,222.04,299.54,584.88,
2020-06-16,1798.3,1164.27,225.93,307.99,596.22,
2020-06-17,1798.8,1163.36,223.37,297.89,592.26,
2020-06-18,1807.5,1159.85,220.38,301.45,590.29,
2020-06-19,1793.7,1169.95,218.11,296.4,582.81,
2020-06-22,1828.3,1165.74,217.56,298.27,583.95,
2020-06-23,1841.1,1170.82,216.79,298.5,583.95,
2020-06-24,1798.9,1139.72,211.03,281.97,563.44,
2020-06-25,1822.3,1151.43,213.32,287.39,569.72,
2020-06-26,1785.7,1137.37,209.45,277.3,559.4,
2020-06-29,1805.5,1147.04,213.0,281.26,577.25,
2020-06-30,1840.1,1167.8,216.39,287.46,581.0,
2020-07-01,1842.0,1176.09,221.96,280.3,578.19,258.352
2020-07-02,1851.3,1184.43,221.21,283.46,582.8,
2020-07-06,1884.7,1196.34,221.59,284.51,591.44,
2020-07-07,1864.8,1186.07,218.04,275.46,579.97,
2020-07-08,1894.7,1186.27,217.69,275.17,579.78,
2020-07-09,1901.8,1176.56,216.96,261.81,567.38,
2020-07-10,1901.3,1173.97,217.32,270.32,574.69,
2020-07-13,1861.0,1180.18,213.77,268.87,577.09,
2020-07-14,1883.3,1203.28,215.85,278.56,589.67,
2020-07-15,1893.3,1219.14,216.95,284.02,604.71,
2020-07-16,1870.1,1217.06,214.37,282.57,604.74,
2020-07-17,1879.1,1233.67,217.37,278.27,608.04,
2020-07-20,1927.7,1233.55,215.19,273.46,601.01,
2020-07-21,1907.2,1232.87,215.21,290.28,608.86,
2020-07-22,1923.0,1243.35,217.89,286.39,613.87,
2020-07-23,1872.4,1238.28,216.82,285.79,611.76,
2020-07-24,1850.2,1224.52,215.96,284.11,606.87,
2020-07-27,1880.0,1233.39,218.37,284.71,609.26,
2020-07-28,1857.1,1231.63,222.85,279.73,605.24,
2020-07-29,1884.9,1244.95,227.07,285.7,614.28,
2020-07-30,1894.9,1235.39,225.18,273.99,608.33,
2020-07-31,1942.4,1228.58,224.82,272.09,605.88,
2020-08-03,1990.7,1241.39,221.52,272.81,608.31,
2020-08-04,1995.1,1235.79,224.53,279.51,609.97,
2020-08-05,2002.0,1241.86,223.1,282.46,621.97,
2020-08-06,2031.2,1234.73,223.31,280.45,623.94,
2020-08-07,1999.4,1239.1,226.33,280.59,634.74,
2020-08-10,1992.9,1234.88,225.96,289.24,650.15,
2020-08-11,1957.3,1226.88,221.74,288.55,653.59,
2020-08-12,2002.6,1247.96,224.67,290.07,655.94,
2020-08-13,2003.5,1245.9,221.91,284.31,651.68,
2020-08-14,2001.5,1243.21,222.22,286.99,654.39,
2020-08-17,2015.0,1250.47,224.2,285.18,651.15,
2020-08-18,2022.9,1250.04,223.86,280.29,647.64,
2020-08-19,2017.4,1245.63,219.35,277.05,645.8,
2020-08-20,2046.4,1242.04,221.72,271.15,642.7,
2020-08-21,2071.2,1243.13,222.26,269.45,644.59,
2020-08-24,2089.3,1236.45,222.8,276.87,656.15,
2020-08-25,2100.2,1245.11,223.48,272.94,655.54,
2020-08-26,2143.2,1243.59,221.82,266.85,655.85,
2020-08-27,2143.8,1253.32,224.86,267.52,658.0,
2020-08-28,2164.4,1255.85,226.49,272.48,664.07,
2020-08-31,2172.2,1259.88,224.57,266.5,656.22,
2020-09-01,2212.5,1247.56,224.23,264.05,662.5,259.997
2020-09-02,2232.9,1273.61,229.25,262.95,673.29,
2020-09-03,2102.8,1238.68,225.49,261.18,654.42,
2020-09-04,2074.5,1229.65,224.44,260.32,655.8,
2020-09-08,1979.3,1209.04,221.56,250.67,643.11,
2020-09-09,2045.5,1230.48,224.28,252.21,653.19,
2020-09-10,1999.0,1211.4,220.99,242.96,644.91,
2020-09-11,1984.0,1216.07,220.38,243.58,653.85,
2020-09-14,2025.1,1232.48,225.13,245.09,662.43,
2020-09-15,2045.3,1234.48,228.26,243.22,662.95,
2020-09-16,2013.4,1231.71,229.49,253.06,669.49,
2020-09-17,1996.4,1227.91,224.47,253.58,671.06,
2020-09-18,1963.3,1226.34,220.08,250.65,663.78,
2020-09-21,1978.1,1203.72,214.06,242.45,641.33,
2020-09-22,2010.7,1201.45,216.76,239.96,647.93,
2020-09-23,1946.1,1188.52,210.45,229.05,636.51,
2020-09-24,1958.2,1182.29,211.23,229.24,637.05,
2020-09-25,2005.2,1201.81,215.36,229.09,646.54,
2020-09-28,2042.3,1211.66,219.02,234.42,658.23,
2020-09-29,2036.1,1210.72,217.76,228.03,652.39,
2020-09-30,2054.6,1231.02,218.95,227.49,650.68,
2020-10-01,2074.3,1225.24,222.34,220.36,648.74,260.319
2020-10-02,2021.4,1214.11,225.85,222.55,655.83,
2020-10-05,2067.2,1239.5,227.2,229.05,666.52,
2020-10-06,2034.2,1223.27,225.43,225.56,658.49,
2020-10-07,2072.8,1246.4,226.06,228.82,673.1,
2020-10-08,2082.0,1252.28,229.64,237.46,679.36,
2020-10-09,2114.1,1263.33,228.95,233.68,682.05,
2020-10-12,2171.5,1271.84,230.07,234.41,686.01,
2020-10-13,2157.8,1262.7,226.17,230.76,678.71,
2020-10-14,2146.0,1253.94,223.54,231.47,682.35,
2020-10-15,2136.5,1244.88,224.58,234.18,684.71,
2020-10-16,2130.5,1257.6,223.66,228.78,689.55,
2020-10-19,2090.6,1236.95,220.19,223.97,681.01,
2020-10-20,2098.6,1238.56,221.79,226.51,684.7,
2020-10-21,2095.8,1232.76,220.97,222.01,677.92,
2020-10-22,2085.9,1251.08,219.28,231.24,683.01,
2020-10-23,2083.5,1255.97,220.77,229.96,685.74,
2020-10-26,2038.3,1242.03,218.11,221.99,668.6,
2020-10-27,2048.9,1233.48,215.41,218.92,654.04,
2020-10-28,1960.2,1193.7,210.22,209.69,632.4,
2020-10-29,1997.3,1185.17,213.04,216.41,641.58,
2020-10-30,1948.7,1184.32,211.46,216.82,641.01,
2020-11-02,1955.3,1205.91,216.82,224.77,658.54,
2020-11-03,1990.6,1223.3,220.36,223.09,677.69,
2020-11-04,2066.9,1277.71,220.98,223.45,670.97,
2020-11-05,2131.4,1280.07,221.67,223.36,686.25,
2020-11-06,2137.7,1282.04,220.74,218.58,687.16,
2020-11-09,2122.1,1291.38,226.42,249.67,710.14,
2020-11-10,2081.0,1295.95,227.6,255.97,722.88,
2020-11-11,2131.2,1293.81,229.36,253.82,716.55,
2020-11-12,2111.1,1288.6,227.03,245.21,708.21,
2020-11-13,2129.2,1305.4,232.2,254.55,723.41,
2020-11-16,2150.0,1302.87,233.38,271.09,741.35,
2020-11-17,2138.2,1293.3,233.65,272.44,739.26,
2020-11-18,2114.4,1270.51,229.74,264.6,735.92,
2020-11-19,2132.1,1268.74,230.02,268.65,737.69,
2020-11-20,2109.7,1266.25,228.51,267.24,730.99,
2020-11-23,2109.0,1262.42,227.74,286.18,742.96,
2020-11-24,2138.2,1266.01,227.68,300.95,756.3,
2020-11-25,2143.0,1260.66,228.17,293.66,750.4,
2020-11-27,2153.9,1272.68,227.66,289.99,748.75,
2020-11-30,2168.1,1276.31,225.82,274.42,741.25,
2020-12-01,2198.7,1286.61,228.68,275.62,740.02,262.045
2020-12-02,2193.9,1296.94,226.12,284.3,740.88,
2020-12-03,2191.6,1294.77,227.78,287.34,742.89,
2020-12-04,2213.9,1308.88,230.8,302.94,751.94,
2020-12-07,2219.8,1300.77,228.62,295.55,748.3,
2020-12-08,2227.4,1310.26,227.47,300.19,751.51,
2020-12-09,2185.6,1306.48,225.25,301.14,753.31,
2020-12-10,2187.2,1303.91,224.16,309.95,746.29,
2020-12-11,2182.2,1298.49,224.15,306.38,748.01,
2020-12-14,2191.2,1288.29,222.19,295.55,738.42,
2020-12-15,2226.5,1302.04,226.03,301.23,748.57,
2020-12-16,2243.1,1297.69,226.06,300.04,743.97,
2020-12-17,2259.8,1312.28,228.8,298.33,748.34,
2020-12-18,2252.1,1312.65,224.62,293.33,748.53,
2020-12-21,2253.7,1299.99,222.84,288.06,744.2,
2020-12-22,2273.1,1295.75,224.2,283.04,740.19,
2020-12-23,2253.8,1296.78,222.06,289.2,743.57,
2020-12-24,2270.6,1299.88,223.92,287.38,744.1,
2020-12-28,2297.0,1303.37,225.83,285.82,745.11,
2020-12-29,2285.0,1309.07,224.24,283.93,740.08,
2020-12-30,2284.5,1309.08,225.04,288.48,744.99,
2020-12-31,2291.3,1324.01,227.9,286.14,749.54,
2021-01-04,2250.2,1316.89,220.4,286.5,730.44,
2021-01-05,2265.9,1325.67,220.22,299.49,737.89,
2021-01-06,2225.0,1343.75,219.02,308.45,755.34,
2021-01-07,2284.0,1362.09,219.69,313.06,759.48,
2021-01-08,2301.2,1368.54,222.08,312.78,757.79,
2021-01-11,2279.5,1375.46,218.4,317.86,757.35,
2021-01-12,2269.8,1367.47,218.53,328.98,765.17,
2021-01-13,2284.6,1364.15,221.56,326.33,758.57,
2021-01-14,2263.0,1358.91,222.94,336.14,760.8,
2021-01-15,2240.9,1363.26,226.2,322.58,751.1,
2021-01-19,2270.3,1373.74,224.97,329.3,753.5,
2021-01-20,2316.0,1381.65,229.41,330.47,758.3,
2021-01-21,2346.6,1374.72,228.63,319.12,752.13,
2021-01-22,2339.1,1370.9,229.33,317.54,748.41,
2021-01-25,2359.6,1379.86,231.22,314.17,743.26,
2021-01-26,2359.8,1374.4,233.85,307.5,736.48,
2021-01-27,2314.4,1332.42,230.6,303.22,721.47,
2021-01-28,2324.9,1352.11,231.34,306.92,732.34,
2021-01-29,2269.1,1340.92,228.98,296.52,717.01,
2021-02-01,2326.1,1345.17,234.17,298.59,723.93,263.573
2021-02-02,2355.9,1348.92,235.13,301.85,739.52,
2021-02-03,2348.8,1339.46,234.25,314.75,739.92,
2021-02-04,2385.1,1344.26,235.41,318.16,748.06,
2021-02-05,2379.9,1347.65,236.22,321.1,752.03,
2021-02-08,2404.6,1349.6,236.75,334.5,758.84,
2021-02-09,2400.0,1351.29,237.87,329.41,760.45,
2021-02-10,2396.4,1353.55,239.29,335.48,759.21,
2021-02-11,2422.5,1355.74,239.02,330.36,757.66,
2021-02-12,2434.5,1365.94,238.88,334.99,762.72,
2021-02-16,2427.3,1351.99,236.33,342.57,762.36,
2021-02-17,2402.2,1356.79,236.53,347.55,760.01,
2021-02-18,2391.4,1347.97,236.47,339.66,756.26,
2021-02-19,2387.8,1332.52,237.03,345.23,768.39,
2021-02-22,2333.9,1328.53,238.31,357.22,770.71,
2021-02-23,2328.1,1326.48,239.06,362.97,772.88,
2021-02-24,2363.2,1335.2,240.38,376.2,787.82,
2021-02-25,2279.8,1321.95,236.56,368.66,772.43,
2021-02-26,2293.4,1311.27,232.26,360.19,764.55,
2021-03-01,2366.3,1327.31,232.62,369.47,783.76,264.847
2021-03-02,2327.7,1324.03,230.96,367.31,781.68,
2021-03-03,2269.8,1306.45,228.26,372.55,782.25,
2021-03-04,2218.6,1289.06,226.5,381.76,769.69,
2021-03-05,2262.3,1315.13,229.11,396.54,788.1,
2021-03-08,2206.5,1311.39,230.32,397.13,796.38,
2021-03-09,2281.8,1319.47,232.77,389.54,793.3,
2021-03-10,2272.6,1322.33,235.07,399.8,804.77,
2021-03-11,2320.8,1330.59,238.6,400.11,805.43,
2021-03-12,2304.3,1332.42,242.19,400.82,816.2,
2021-03-15,2329.8,1341.12,245.04,395.81,822.9,
2021-03-16,2348.2,1340.61,244.99,384.62,811.09,
2021-03-17,2345.6,1335.15,244.6,388.23,820.2,
2021-03-18,2278.8,1332.61,242.8,370.06,819.78,
2021-03-19,2273.1,1337.41,239.73,370.11,813.8,
2021-03-22,2317.0,1349.51,242.4,366.39,812.99,
2021-03-23,2302.3,1335.59,243.24,361.4,798.66,
2021-03-24,2274.5,1334.81,241.95,370.51,804.49,
2021-03-25,2272.9,1338.97,243.85,371.44,817.07,
2021-03-26,2330.6,1365.45,249.87,381.18,831.5,
2021-03-29,2318.6,1370.87,249.43,376.37,831.57,
2021-03-30,2296.7,1358.45,248.21,373.35,834.72,
2021-03-31,2331.1,1360.34,247.0,369.89,831.98,
2021-04-01,2380.0,1357.4,250.9,379.71,835.29,266.625
2021-04-05,2428.2,1366.35,252.42,370.57,845.87,
2021-04-06,2419.0,1361.46,252.87,369.6,843.63,
2021-04-07,2432.0,1358.17,253.24,371.23,839.89,
2021-04-08,2466.6,1359.72,251.81,366.17,841.63,
2021-04-09,2491.0,1375.56,252.17,364.35,849.97,
2021-04-12,2478.9,1376.24,253.55,360.91,852.86,
2021-04-13,2502.6,1382.34,255.16,361.26,849.0,
2021-04-14,2473.9,1380.68,253.39,371.78,849.91,
2021-04-15,2518.1,1404.75,258.34,368.5,853.19,
2021-04-16,2517.3,1415.24,258.78,365.19,854.96,
2021-04-19,2495.2,1415.09,259.54,364.98,851.5,
2021-04-20,2474.3,1421.13,262.45,355.26,842.2,
2021-04-21,2499.6,1437.3,263.51,360.5,853.63,
2021-04-22,2470.1,1431.16,262.52,355.42,849.59,
2021-04-23,2505.7,1440.34,264.05,358.74,858.65,
2021-04-26,2519.9,1435.26,264.58,361.03,856.18,
2021-04-27,2512.9,1427.98,264.52,365.57,863.63,
2021-04-28,2488.7,1423.0,263.62,377.8,861.32,
2021-04-29,2488.1,1417.49,265.42,381.98,867.31,
2021-04-30,2452.6,1412.92,267.06,371.6,861.51,
2021-05-03,2447.3,1429.43,265.78,382.43,870.4,
2021-05-04,2401.0,1429.98,264.16,382.51,873.99,
2021-05-05,2397.1,1433.22,260.15,395.24,875.14,
2021-05-06,2421.4,1434.29,261.54,397.15,881.19,
2021-05-07,2440.4,1444.6,264.7,404.65,890.44,
2021-05-10,2378.5,1446.02,265.62,404.45,891.14,
2021-05-11,2372.7,1431.91,262.66,394.09,878.28,
2021-05-12,2304.8,1417.53,256.44,394.33,856.82,
2021-05-13,2336.4,1430.99,259.46,389.01,873.08,
2021-05-14,2386.0,1436.47,262.08,401.29,884.78,
2021-05-17,2369.3,1434.08,262.07,410.53,882.29,
2021-05-18,2350.0,1434.77,262.51,399.72,869.28,
2021-05-19,2357.7,1432.71,261.41,389.63,864.22,
2021-05-20,2401.8,1447.62,264.92,389.17,866.0,
2021-05-21,2389.2,1447.14,264.46,389.91,869.73,
2021-05-24,2431.2,1447.97,267.25,393.76,874.9,
2021-05-25,2432.7,1443.59,268.07,385.73,872.36,
2021-05-26,2432.4,1435.48,268.68,389.32,875.34,
2021-05-27,2419.6,1433.16,268.25,389.54,887.3,
2021-05-28,2426.9,1437.44,269.98,389.82,886.44,
2021-06-01,2416.6,1413.81,274.54,405.14,890.2,270.71
2021-06-02,2431.7,1410.72,278.4,412.19,887.57,
2021-06-03,2409.4,1416.33,277.83,413.47,885.39,
2021-06-04,2455.6,1420.85,278.18,415.85,888.37,
2021-06-07,2455.2,1425.6,280.72,414.25,882.26,
2021-06-08,2455.8,1420.48,282.16,417.89,884.52,
2021-06-09,2457.3,1434.66,282.61,415.56,875.44,
2021-06-10,2475.7,1458.85,285.29,415.02,871.31,
2021-06-11,2489.5,1448.24,283.61,413.47,872.96,
2021-06-14,2515.4,1449.39,284.81,411.85,868.74,
2021-06-15,2499.3,1449.02,281.86,420.34,872.8,
2021-06-16,2486.3,1443.45,279.37,418.31,864.18,
2021-06-17,2515.4,1454.88,280.32,403.71,850.79,
2021-06-18,2491.9,1437.17,276.12,391.92,840.16,
2021-06-21,2518.4,1455.73,281.43,408.73,858.47,
2021-06-22,2540.9,1458.77,280.18,411.46,859.57,
2021-06-23,2538.0,1452.04,279.17,412.55,857.22,
2021-06-24,2554.3,1459.44,277.92,416.07,863.8,
2021-06-25,2550.5,1466.12,279.71,418.03,865.68,
2021-06-28,2578.8,1468.58,279.93,404.13,861.15,
2021-06-29,2597.0,1469.58,279.53,402.1,859.06,
2021-06-30,2594.5,1468.94,277.41,407.37,866.24,
2021-07-01,2597.1,1482.54,278.28,414.36,871.58,271.965
2021-07-02,2633.3,1495.32,279.72,413.52,873.16,
2021-07-06,2642.9,1494.01,282.1,400.28,865.05,
2021-07-07,2655.9,1503.2,283.58,393.37,873.7,
2021-07-08,2631.4,1496.08,283.36,391.55,861.24,
2021-07-09,2656.4,1501.46,287.1,399.42,875.18,
2021-07-12,2657.5,1504.15,289.56,398.98,876.1,
2021-07-13,2669.2,1502.55,285.75,396.15,867.64,
2021-07-14,2688.7,1499.48,288.29,384.51,867.32,
2021-07-15,2666.1,1495.65,288.68,379.08,869.28,
2021-07-16,2640.2,1498.96,288.98,368.6,861.83,
2021-07-19,2603.4,1482.87,284.4,355.36,843.41,
2021-07-20,2641.8,1500.69,289.74,360.26,866.5,
2021-07-21,2667.8,1503.77,288.72,372.98,875.17,
2021-07-22,2686.8,1513.77,286.74,368.77,872.15,
2021-07-23,2713.4,1531.58,289.26,367.17,875.77,
2021-07-26,2712.8,1522.03,289.26,376.34,875.64,
2021-07-27,2685.5,1528.7,291.62,372.54,870.98,
2021-07-28,2683.0,1534.57,289.79,376.15,868.43,
2021-07-29,2695.8,1537.42,289.11,379.67,875.11,
2021-07-30,2693.6,1538.58,290.04,372.99,873.59,
2021-08-02,2683.6,1541.2,290.06,370.33,867.26,
2021-08-03,2702.0,1562.97,291.35,377.11,879.2,
2021-08-04,2707.3,1556.43,290.34,366.06,867.18,
2021-08-05,2721.9,1550.57,292.74,370.75,871.48,
2021-08-06,2718.6,1548.95,292.06,374.19,875.1,
2021-08-09,2709.2,1554.79,290.84,368.66,871.6,
2021-08-10,2689.5,1551.06,287.67,375.0,880.42,
2021-08-11,2690.2,1536.02,289.1,377.82,891.88,
2021-08-12,2705.9,1547.82,290.11,375.97,889.83,
2021-08-13,2720.6,1557.13,292.08,371.14,887.01,
2021-08-16,2732.6,1574.69,292.43,364.35,890.05,
2021-08-17,2708.8,1592.32,292.84,361.0,880.61,
2021-08-18,2671.1,1569.02,289.67,352.34,870.92,
2021-08-19,2697.5,1576.66,292.35,342.99,864.22,
2021-08-20,2732.6,1584.73,293.68,343.95,866.26,
2021-08-23,2767.4,1584.42,292.49,356.92,873.27,
2021-08-24,2763.9,1578.96,290.38,362.68,877.91,
2021-08-25,2762.4,1574.93,289.87,365.28,883.2,
2021-08-26,2745.2,1568.63,290.15,359.77,879.4,
2021-08-27,2771.7,1566.06,292.67,369.21,885.51,
2021-08-30,2801.9,1575.6,296.05,364.92,884.13,
2021-08-31,2786.1,1573.61,297.88,362.26,881.64,
2021-09-01,2786.8,1573.95,302.91,356.8,878.46,273.942
2021-09-02,2785.4,1590.92,304.23,365.82,887.38,
2021-09-03,2796.1,1592.61,304.36,363.88,881.86,
2021-09-07,2796.9,1583.58,300.91,361.8,866.25,
2021-09-08,2785.5,1582.35,302.58,357.11,867.78,
2021-09-09,2773.7,1563.83,296.17,357.55,863.66,
2021-09-10,2746.4,1549.18,292.52,357.39,859.64,
2021-09-13,2747.4,1539.73,293.93,367.9,861.94,
2021-09-14,2743.6,1537.91,292.93,362.2,851.33,
2021-09-15,2767.9,1548.43,294.13,376.02,860.85,
2021-09-16,2769.7,1544.6,294.59,372.04,855.16,
2021-09-17,2727.7,1545.73,291.8,369.23,846.2,
2021-09-20,2676.9,1530.65,289.97,358.0,836.47,
2021-09-21,2677.8,1532.87,289.83,359.34,830.6,
2021-09-22,2715.2,1534.22,292.48,370.71,838.6,
2021-09-23,2751.8,1546.09,290.91,383.35,851.56,
2021-09-24,2753.6,1539.56,287.4,386.57,852.92,
2021-09-27,2725.9,1517.58,282.49,399.83,853.83,
2021-09-28,2644.5,1491.77,280.74,401.67,844.03,
2021-09-29,2641.8,1503.25,282.61,401.66,844.69,
2021-09-30,2623.8,1483.99,278.09,395.88,826.83,
2021-10-01,2661.5,1485.0,280.99,408.94,838.5,276.528
2021-10-04,2598.6,1462.89,281.25,415.6,834.04,
2021-10-05,2636.5,1471.37,278.83,418.0,843.21,
2021-10-06,2654.6,1469.07,281.57,413.6,847.05,
2021-10-07,2678.9,1487.16,282.0,416.45,853.55,
2021-10-08,2668.5,1480.1,278.84,429.46,853.35,
2021-10-11,2654.4,1468.99,279.32,427.71,846.88,
2021-10-12,2640.9,1462.02,283.05,427.6,844.1,
2021-10-13,2655.8,1463.28,284.6,427.19,845.64,
2021-10-14,2716.4,1484.19,288.57,432.43,861.61,
2021-10-15,2737.9,1491.56,288.65,434.44,869.92,
2021-10-18,2761.2,1480.83,289.29,434.89,870.72,
2021-10-19,2788.0,1500.23,290.44,439.87,875.68,
2021-10-20,2780.0,1521.99,294.94,443.53,881.16,
2021-10-21,2791.3,1528.68,296.0,435.5,883.1,
2021-10-22,2782.0,1534.41,297.94,439.56,885.75,
2021-10-25,2791.3,1535.83,298.87,445.91,887.72,
2021-10-26,2800.3,1544.0,300.25,448.94,882.77,
2021-10-27,2795.0,1531.46,298.07,436.1,872.06,
2021-10-28,2824.6,1544.66,302.44,439.12,883.29,
2021-10-29,2836.9,1559.32,298.83,436.19,883.3,
2021-11-01,2834.7,1557.2,299.43,443.11,886.0,278.824
2021-11-02,2857.8,1566.99,302.23,438.65,888.68,
2021-11-03,2874.9,1576.9,304.05,434.99,886.98,
2021-11-04,2919.1,1564.98,300.58,435.83,890.69,
2021-11-05,2931.7,1548.87,301.26,442.0,899.52,
2021-11-08,2948.6,1557.1,301.21,445.91,903.05,
2021-11-09,2935.9,1551.27,302.29,447.67,905.34,
2021-11-10,2886.7,1555.36,300.81,434.38,899.64,
2021-11-11,2901.9,1551.77,300.95,435.73,895.88,
2021-11-12,2936.4,1558.37,301.14,434.6,903.16,
2021-11-15,2933.0,1548.39,302.58,438.21,904.56,
2021-11-16,2964.5,1554.34,300.62,438.62,904.51,
2021-11-17,2952.8,1556.87,302.56,430.97,899.42,
2021-11-18,2983.0,1557.78,302.65,428.66,897.01,
2021-11-19,3005.8,1547.73,300.97,411.91,892.29,
2021-11-22,2971.4,1540.5,299.46,419.38,894.8,
2021-11-23,2965.3,1541.86,302.74,432.14,896.34,
2021-11-24,2986.3,1541.25,306.61,436.37,895.2,
2021-11-25,2986.3,,306.61,436.37,895.2,
2021-11-26,2908.6,1534.35,298.36,418.74,870.76,
2021-11-29,2985.4,1540.15,302.34,421.22,872.81,
2021-11-30,2956.9,1510.45,295.94,410.7,850.54,
2021-12-01,2919.7,1507.59,291.97,406.82,838.37,280.806
2021-12-02,2944.3,1513.59,299.76,418.41,862.59,
2021-12-03,2895.7,1517.43,298.54,415.28,862.21,
2021-12-06,2923.9,1525.25,302.66,421.64,876.33,
2021-12-07,3026.4,1544.33,307.95,431.24,885.38,
2021-12-08,3039.9,1555.8,309.39,431.28,887.79,
2021-12-09,3006.6,1559.61,305.17,427.37,885.06,
2021-12-10,3068.9,1565.37,306.72,430.61,888.5,
2021-12-13,3019.1,1579.84,310.76,418.67,879.25,
2021-12-14,2969.6,1572.25,306.8,417.09,870.72,
2021-12-15,3051.3,1605.36,311.33,415.33,878.47,
2021-12-16,2963.9,1614.64,312.59,418.06,878.92,
2021-12-17,2944.9,1603.75,311.65,408.68,863.98,
2021-12-20,2908.7,1593.56,309.42,403.9,849.69,
2021-12-21,2984.4,1600.27,311.38,415.57,866.35,
2021-12-22,3024.1,1618.99,314.34,417.96,869.19,
2021-12-23,3041.1,1625.57,313.2,418.37,879.3,
2021-12-27,3107.5,1642.59,319.6,427.74,888.53,
2021-12-28,3089.1,1637.97,320.97,427.25,893.07,
2021-12-29,3091.4,1647.76,323.03,424.55,894.53,
2021-12-30,3070.4,1650.43,324.18,421.68,891.03,
2021-12-31,3055.4,1643.92,324.75,422.74,894.96,
2022-01-03,3086.8,1627.82,321.63,435.83,887.59,
2022-01-04,3051.5,1605.31,320.4,450.9,905.63,
2022-01-05,2956.0,1593.93,310.09,450.57,896.95,
2022-01-06,2941.7,1574.66,310.4,460.89,901.01,
2022-01-07,2912.0,1567.5,308.7,467.58,900.75,
2022-01-10,2915.0,1583.79,306.87,466.32,890.39,
2022-01-11,2950.3,1595.84,306.38,482.24,896.03,
2022-01-12,2963.1,1591.68,307.26,483.15,898.68,
2022-01-13,2884.6,1565.71,306.2,480.24,900.33,
2022-01-14,2910.2,1563.07,302.59,491.98,895.18,
2022-01-18,2837.8,1541.38,300.44,493.97,884.54,
2022-01-19,2798.9,1534.57,296.8,490.72,874.8,
2022-01-20,2761.6,1525.63,294.08,486.31,863.97,
2022-01-21,2708.3,1509.42,293.96,476.81,855.63,
2022-01-24,2717.3,1503.89,294.47,479.43,860.2,
2022-01-25,2653.8,1493.93,293.69,498.42,852.17,
2022-01-26,2673.0,1487.29,288.81,497.56,845.14,
2022-01-27,2654.5,1489.36,283.75,503.75,837.31,
2022-01-28,2769.6,1520.3,293.34,500.72,843.04,
2022-01-31,2843.9,1530.46,297.02,502.93,852.34,
2022-02-01,2850.7,1534.81,294.83,520.75,864.43,284.525
2022-02-02,2873.9,1554.03,299.72,522.72,870.21,
2022-02-03,2785.8,1546.99,296.42,517.29,855.65,
2022-02-04,2798.9,1540.71,292.68,525.45,846.52,
2022-02-07,2780.6,1538.72,292.42,532.31,847.11,
2022-02-08,2816.0,1550.88,290.08,521.01,855.62,
2022-02-09,2881.0,1563.53,296.98,523.67,867.32,
2022-02-10,2801.7,1538.92,288.48,520.12,852.97,
2022-02-11,2717.5,1518.33,284.6,534.65,840.15,
2022-02-14,2716.6,1501.79,281.69,522.66,836.79,
2022-02-15,2790.9,1518.93,282.8,515.42,849.45,
2022-02-16,2786.1,1520.93,283.5,519.34,853.85,
2022-02-17,2700.7,1496.67,280.76,518.9,837.99,
2022-02-18,2670.9,1484.43,279.47,514.82,830.34,
2022-02-22,2647.4,1480.66,278.8,506.95,822.67,
2022-02-23,2579.6,1473.1,275.12,512.09,807.23,
2022-02-24,2669.0,1479.85,280.03,507.64,817.22,
2022-02-25,2705.5,1524.66,287.0,521.54,836.86,
2022-02-28,2701.1,1513.2,281.91,534.95,842.73,
2022-03-01,2647.3,1504.38,281.27,540.47,829.85,287.467
2022-03-02,2705.2,1527.56,286.42,552.49,848.06,
2022-03-03,2671.6,1535.01,289.56,554.0,848.73,
2022-03-04,2624.0,1542.57,291.94,569.81,846.81,
2022-03-07,2526.9,1516.15,286.69,578.73,824.02,
2022-03-08,2516.1,1484.12,284.16,586.75,818.79,
2022-03-09,2616.3,1512.29,288.35,568.1,833.65,
2022-03-10,2570.4,1511.86,289.38,585.53,832.65,
2022-03-11,2524.1,1499.91,286.69,580.55,826.0,
2022-03-14,2476.2,1510.15,284.6,563.77,828.66,
2022-03-15,2561.1,1539.28,286.6,542.77,841.52,
2022-03-16,2646.2,1558.13,289.84,540.44,852.61,
2022-03-17,2664.4,1583.16,293.79,559.27,864.05,
2022-03-18,2722.7,1593.48,294.41,559.78,867.47,
2022-03-21,2717.9,1591.59,292.87,581.0,868.94,
2022-03-22,2756.6,1591.84,293.03,577.16,873.54,
2022-03-23,2715.1,1563.68,290.0,587.2,865.55,
2022-03-24,2788.6,1581.62,291.85,587.95,872.0,
2022-03-25,2786.1,1589.78,295.45,601.34,877.48,
2022-03-28,2820.4,1601.48,299.24,585.92,877.75,
2022-03-29,2878.5,1610.34,307.76,583.32,885.63,
2022-03-30,2839.3,1613.9,306.02,590.15,884.31,
2022-03-31,2794.1,1594.81,302.42,581.93,870.46,
2022-04-01,2789.4,1609.25,308.54,586.89,864.37,288.582
2022-04-04,2842.8,1597.22,307.57,587.29,862.86,
2022-04-05,2780.5,1600.09,307.76,578.43,850.83,
2022-04-06,2709.7,1624.87,312.53,581.57,844.33,
2022-04-07,2716.0,1655.01,309.84,589.46,846.93,
2022-04-08,2677.0,1664.58,310.87,605.71,841.81,
2022-04-11,2607.3,1631.84,306.67,586.88,839.33,
2022-04-12,2598.1,1616.38,305.61,597.0,838.15,
2022-04-13,2639.4,1623.31,306.87,605.12,846.25,
2022-04-14,2574.9,1615.79,305.08,607.63,845.44,
2022-04-18,2583.1,1597.73,304.24,616.8,842.21,
2022-04-19,2630.6,1612.58,310.69,610.86,857.43,
2022-04-20,2627.2,1634.24,316.44,613.39,862.09,
2022-04-21,2581.8,1616.16,314.44,594.35,853.46,
2022-04-22,2509.6,1557.49,308.86,579.9,832.24,
2022-04-25,2545.8,1567.84,307.38,560.53,,
2022-04-27,2484.6,1536.24,300.82,569.08,816.88,
2022-04-28,2584.9,,306.38,586.92,826.23,
2022-04-29,2478.0,1518.45,291.38,572.41,804.56,
2022-05-02,2516.7,,283.96,580.24,805.92,
2022-05-03,2521.2,1513.2,287.5,596.87,811.56,
2022-05-04,2609.8,1546.46,290.63,621.43,834.85,
2022-05-05,2481.2,1516.14,283.27,612.77,812.62,
2022-05-06,2461.5,1511.65,280.38,630.62,807.37,
2022-05-09,2364.6,1472.8,267.43,578.26,787.95,
2022-05-10,2401.9,1477.69,261.32,583.66,782.85,
2022-05-11,2322.6,1468.22,260.89,591.63,775.59,
2022-05-12,2296.2,1481.8,262.83,592.21,776.66,
2022-05-13,2375.3,1497.4,269.54,612.25,786.26,
2022-05-16,2353.7,1507.75,267.38,628.31,784.94,
2022-05-17,2422.2,1528.58,270.18,635.5,802.83,
2022-05-18,2307.4,1488.88,262.22,618.02,772.7,
2022-05-19,2282.6,1492.11,261.69,616.28,765.4,
2022-05-20,2285.8,1510.91,264.8,618.93,757.2,
2022-05-23,2339.9,1523.06,268.02,635.51,769.57,
2022-05-24,2303.2,1526.94,271.25,638.09,768.63,
2022-05-25,2331.1,1526.67,272.78,650.62,773.54,
2022-05-26,2388.1,1533.01,272.51,658.06,788.97,
2022-05-27,2470.3,1559.34,280.2,669.03,805.12,
2022-05-31,2452.9,1537.92,276.44,658.0,798.27,
2022-06-01,2444.8,1516.03,273.4,669.6,793.32,295.072
2022-06-02,2504.4,1527.83,277.41,667.6,808.34,
2022-06-03,2442.4,1510.43,273.96,676.93,805.43,
2022-06-06,2443.4,1510.38,273.16,676.16,808.67,
2022-06-07,2473.1,1530.06,276.31,697.38,819.64,
2022-06-08,2445.6,1518.1,269.59,698.43,804.65,
2022-06-09,2379.0,1483.32,263.42,682.35,788.81,
2022-06-10,2286.4,1459.09,257.1,670.72,765.48,
2022-06-13,2184.3,1415.21,244.81,636.32,742.31,
2022-06-14,2197.9,1400.14,242.34,636.74,740.45,
2022-06-15,2245.6,1414.45,247.99,623.21,747.92,
2022-06-16,2153.2,1392.94,241.66,588.41,722.66,
2022-06-17,2174.4,1393.22,243.21,555.65,720.96,
2022-06-21,2229.6,1430.06,247.79,584.19,733.82,
2022-06-22,2220.4,1450.41,251.62,559.71,729.9,
2022-06-23,2252.3,1482.55,256.67,538.75,726.06,
2022-06-24,2332.8,1506.72,261.97,547.02,751.42,
2022-06-27,2318.0,1512.6,261.28,562.24,749.55,
2022-06-28,2248.3,1486.34,257.65,577.42,740.94,
2022-06-29,2252.9,1499.32,255.69,557.6,736.35,
2022-06-30,2223.0,1494.31,255.77,546.24,738.41,
2022-07-01,2228.5,1512.47,260.53,554.1,745.11,294.94
2022-07-05,2256.1,1503.56,259.25,531.86,733.72,
2022-07-06,2276.1,1513.46,259.28,522.6,738.19,
2022-07-07,2323.1,1520.49,259.45,540.94,746.95,
2022-07-08,2324.8,1524.54,258.02,540.87,743.51,
2022-07-11,2291.7,1521.01,258.04,536.07,738.54,
2022-07-12,2261.1,1500.82,256.53,525.18,736.16,
2022-07-13,2256.1,1486.75,255.13,524.46,727.32,
2022-07-14,2277.0,1481.27,252.58,514.5,723.08,
2022-07-15,2317.0,1517.51,256.87,524.27,734.53,
2022-07-18,2293.2,1484.89,254.1,534.56,730.13,
2022-07-19,2363.8,1511.68,261.31,551.46,756.29,
2022-07-20,2400.6,1495.67,259.92,557.06,761.87,
2022-07-21,2434.4,1518.19,262.55,547.63,767.07,
2022-07-22,2400.8,1512.34,264.62,542.8,764.72,
2022-07-25,2386.0,1520.65,264.8,562.96,768.31,
2022-07-26,2348.3,1529.01,265.34,558.02,764.25,
2022-07-27,2449.1,1538.91,266.79,570.32,776.32,
2022-07-28,2484.2,1547.32,276.66,572.88,792.4,
2022-07-29,2522.6,1541.88,277.49,598.74,808.28,
2022-08-01,2517.5,1530.65,275.02,585.67,809.29,295.162
2022-08-02,2500.0,1524.99,271.44,584.46,800.77,
2022-08-03,2567.3,1539.08,272.55,567.12,808.58,
2022-08-04,2577.9,1531.48,272.89,546.73,811.11,
2022-08-05,2571.8,1531.03,273.75,557.88,812.82,
2022-08-08,2549.2,1534.48,275.68,560.62,812.2,
2022-08-09,2523.6,1529.96,277.71,570.57,809.19,
2022-08-10,2593.6,1547.08,281.71,574.62,827.15,
2022-08-11,2581.1,1536.03,280.16,592.94,830.99,
2022-08-12,2634.6,1556.18,284.97,597.7,843.18,
2022-08-15,2651.1,1563.79,286.33,585.86,845.16,
2022-08-16,2643.5,1559.64,285.13,583.87,848.93,
2022-08-17,2624.9,1549.82,284.29,588.58,842.34,
2022-08-18,2637.8,1543.1,282.17,603.46,845.08,
2022-08-19,2589.6,1547.34,279.45,603.6,834.36,
2022-08-22,2517.5,1525.95,273.59,602.1,818.13,
2022-08-23,2511.2,1504.74,269.61,623.9,819.66,
2022-08-24,2512.2,1506.51,271.53,631.38,822.33,
2022-08-25,2554.3,1523.11,275.76,636.19,834.87,
2022-08-26,2444.9,1480.51,268.76,629.38,805.58,
2022-08-29,2413.7,1470.07,266.42,639.1,802.04,
2022-08-30,2387.7,1460.37,262.55,617.6,790.2,
2022-08-31,2364.7,1451.16,261.64,611.8,783.36,
2022-09-01,2353.4,1475.12,262.56,597.72,784.43,296.421
2022-09-02,2323.1,1453.94,258.16,608.54,776.67,
2022-09-06,2307.3,1454.24,260.78,601.95,777.89,
2022-09-07,2344.0,1478.5,265.79,595.0,790.56,
2022-09-09,2398.4,1517.2,268.83,612.19,803.0,
2022-09-12,2437.6,1526.98,271.13,623.3,807.86,
2022-09-13,2307.3,1477.0,260.72,608.02,777.27,
2022-09-14,2317.4,1477.1,257.1,625.34,775.84,
2022-09-15,2262.4,1485.16,251.34,609.47,767.56,
2022-09-16,2251.6,1481.14,251.42,596.27,751.77,
2022-09-19,2270.1,1473.11,250.88,596.73,761.79,
2022-09-20,2258.6,1456.05,244.43,592.89,752.38,
2022-09-21,2222.4,1431.5,240.59,584.21,742.32,
2022-09-22,2200.5,1438.87,238.32,581.88,731.27,
2022-09-23,2170.8,1431.15,235.22,542.61,717.6,
2022-09-26,2156.3,1416.72,229.04,528.64,709.46,
2022-09-27,2161.0,1413.68,226.1,534.79,707.27,
2022-09-28,2180.9,1444.73,230.34,558.34,723.1,
2022-09-29,2121.1,1431.45,223.72,557.6,709.87,
2022-09-30,2079.9,1411.36,225.94,552.56,700.6,
2022-10-03,2145.3,1441.49,230.15,584.45,722.0,
2022-10-04,2216.1,1475.06,233.88,609.84,747.2,
2022-10-05,2224.1,1479.94,229.43,622.39,742.89,
2022-10-06,2205.1,1460.69,222.09,633.72,734.78,
2022-10-07,2113.9,1429.72,216.56,629.14,720.66,
2022-10-10,2081.0,1420.46,213.98,616.18,723.01,
2022-10-11,2049.4,1428.76,216.16,611.54,723.1,
2022-10-12,2042.4,1421.19,213.16,616.12,717.22,
2022-10-13,2106.0,1453.26,217.08,641.24,732.98,
2022-10-14,2045.6,1441.15,211.45,617.48,716.63,
2022-10-17,2108.8,1466.18,219.68,625.03,732.72,
2022-10-18,2126.3,1474.48,222.47,629.74,750.01,
2022-10-19,2120.8,1454.08,216.78,648.23,744.84,
2022-10-20,2122.2,1442.25,215.89,649.41,730.61,
2022-10-21,2178.4,1474.11,217.36,667.35,749.96,
2022-10-24,2208.4,1502.28,217.17,670.52,760.09,
2022-10-25,2251.1,1514.03,225.72,670.22,770.33,
2022-10-26,2200.8,1530.99,225.38,679.34,772.98,
2022-10-27,2173.3,1522.18,225.37,681.19,781.82,
2022-10-28,2271.6,1547.85,230.77,685.71,800.42,
2022-10-31,2241.1,1546.64,230.25,689.83,797.71,
2022-11-01,2221.8,1547.57,229.76,696.69,797.24,298.708
2022-11-02,2144.6,1521.37,223.75,681.01,783.19,
2022-11-03,2080.4,1514.72,223.78,694.92,791.34,
2022-11-04,2115.2,1523.29,226.67,701.99,803.92,
2022-11-07,2149.9,1539.41,226.51,714.13,812.48,
2022-11-08,2169.6,1547.15,227.98,714.51,819.46,
2022-11-09,2112.1,1530.84,225.5,679.63,807.6,
2022-11-10,2287.9,1570.5,242.96,694.74,841.77,
2022-11-11,2327.4,1550.4,242.7,716.02,840.9,
2022-11-14,2304.9,1550.93,236.28,712.28,835.18,
2022-11-15,2333.4,1549.85,239.2,720.16,841.64,
2022-11-16,2299.7,1547.86,237.17,704.68,835.1,
2022-11-17,2304.6,1547.21,235.22,705.52,833.02,
2022-11-18,2307.6,1565.77,238.25,699.19,838.94,
2022-11-21,2281.5,1566.48,239.96,689.46,842.06,
2022-11-22,2325.5,1580.32,241.07,711.39,848.4,
2022-11-23,2345.9,1585.76,241.43,703.13,851.7,
2022-11-25,2330.2,1595.63,242.98,701.0,854.86,
2022-11-28,2280.5,1583.67,236.18,681.81,839.42,
2022-11-29,2258.3,1579.99,240.21,690.53,844.62,
2022-11-30,2372.0,1618.68,245.82,694.3,858.06,
2022-12-01,2373.7,1622.56,245.05,691.37,858.03,298.808
2022-12-02,2360.6,1626.18,244.03,687.2,863.37,
2022-12-05,2321.5,1610.11,239.84,667.01,848.65,
2022-12-06,2271.9,1598.13,237.95,649.35,838.91,
2022-12-07,2260.2,1611.67,238.56,647.47,837.76,
2022-12-08,2296.2,1626.07,240.0,644.46,842.55,
2022-12-09,2281.8,1605.2,239.51,629.47,835.7,
2022-12-12,2331.4,1621.85,241.66,645.12,849.99,
2022-12-13,2358.0,1626.3,246.59,656.54,853.02,
2022-12-14,2337.8,1628.65,244.09,652.33,851.42,
2022-12-15,2249.5,1598.35,240.96,648.88,830.55,
2022-12-16,2220.9,1575.84,233.82,640.28,826.54,
2022-12-19,2189.5,1570.16,231.2,641.14,822.28,
2022-12-20,2192.9,1569.24,230.58,650.86,823.45,
2022-12-21,2229.7,1589.73,232.69,663.17,838.65,
2022-12-22,2173.0,1587.22,231.75,647.84,828.14,
2022-12-23,2175.5,1588.53,233.8,668.33,832.86,
2022-12-27,2154.4,1584.31,233.47,675.96,835.58,
2022-12-28,2119.0,1574.23,229.75,660.95,824.6,
2022-12-29,2174.9,1590.7,234.71,667.27,834.7,
2022-12-30,2172.2,1585.54,232.37,672.34,831.4,
2023-01-03,2150.3,1580.97,233.09,647.97,833.12,
2023-01-04,2155.8,1584.91,238.42,648.34,840.73,
2023-01-05,2113.6,1568.57,231.52,661.25,831.6,
2023-01-06,2176.9,1582.51,238.14,672.35,854.0,
2023-01-09,2200.6,1556.25,238.01,669.19,850.41,
2023-01-10,2214.1,1569.24,238.83,674.21,855.0,
2023-01-11,2253.0,1578.26,247.43,676.61,863.19,
2023-01-12,2269.3,1572.1,250.12,689.26,868.1,
2023-01-13,2277.0,1579.53,248.6,690.21,867.03,
2023-01-17,2286.9,1571.65,248.8,691.07,859.73,
2023-01-18,2257.6,1549.37,244.92,678.87,843.87,
2023-01-19,2231.8,1552.99,243.82,686.38,826.29,
2023-01-20,2292.5,1561.79,246.74,695.32,837.89,
2023-01-23,2344.8,1566.24,247.33,693.91,847.05,
2023-01-24,2343.9,1556.12,248.33,692.41,852.53,
2023-01-25,2337.7,1556.28,248.6,691.78,848.01,
2023-01-26,2375.4,1558.72,251.33,714.77,852.73,
2023-01-27,2385.9,1547.92,253.7,700.58,855.73,
2023-01-30,2339.6,1533.57,250.56,684.53,847.44,
2023-01-31,2373.3,1553.43,255.26,690.59,861.96,
2023-02-01,2427.7,1560.94,257.12,677.53,868.1,301.476
2023-02-02,2495.3,1550.33,262.86,660.47,874.82,
2023-02-03,2475.3,1546.32,257.51,658.95,870.28,
2023-02-06,2445.0,1537.1,255.77,656.34,868.47,
2023-02-07,2505.3,1547.0,254.98,676.54,870.62,
2023-02-08,2473.9,1542.24,254.23,670.76,865.51,
2023-02-09,2461.5,1528.98,251.66,665.97,857.89,
2023-02-10,2448.0,1543.29,252.33,692.1,864.22,
2023-02-13,2491.5,1556.1,254.39,687.91,871.83,
2023-02-14,2502.3,1546.71,251.75,687.78,869.36,
2023-02-15,2511.9,1538.77,252.4,675.54,874.82,
2023-02-16,2467.9,1523.11,250.05,668.58,865.28,
2023-02-17,2438.4,1536.74,248.92,644.2,870.74,
2023-02-21,2379.9,1515.77,244.05,642.23,850.77,
2023-02-22,2376.5,1510.83,241.57,637.29,848.54,
2023-02-23,2415.2,1514.86,243.94,645.39,851.92,
2023-02-24,2372.4,1495.64,239.51,645.32,846.99,
2023-02-27,2384.7,1491.02,239.86,647.35,854.04,
2023-02-28,2380.3,1480.18,239.77,638.01,851.88,
2023-03-01,2360.9,1477.49,236.2,650.37,855.08,301.643
2023-03-02,2390.7,1486.04,239.08,655.85,865.34,
2023-03-03,2441.8,1503.32,243.23,664.3,874.52,
2023-03-06,2454.9,1502.39,242.25,664.95,872.77,
2023-03-07,2423.8,1478.1,236.18,653.32,861.7,
2023-03-08,2444.2,1469.81,239.3,646.63,863.67,
2023-03-09,2408.9,1454.63,233.81,637.81,851.0,
2023-03-10,2367.0,1443.91,226.2,628.78,835.48,
2023-03-13,2380.0,1457.14,229.83,616.47,830.38,
2023-03-14,2434.6,1470.01,231.76,621.92,839.14,
2023-03-15,2435.2,1467.49,231.77,588.2,818.08,
2023-03-16,2503.8,1481.54,231.63,593.72,828.48,
2023-03-17,2501.0,1462.81,226.38,584.64,815.0,
2023-03-20,2506.7,1481.55,228.78,596.98,826.06,
2023-03-21,2527.6,1490.34,227.21,617.6,835.38,
2023-03-22,2504.4,1468.05,219.03,604.56,819.46,
2023-03-23,2545.8,1465.45,217.84,596.32,817.61,
2023-03-24,2552.0,1484.65,223.61,598.03,820.48,
2023-03-27,2530.3,1490.71,222.73,610.6,827.24,
2023-03-28,2518.8,1482.26,222.21,619.44,831.74,
2023-03-29,2571.5,1485.81,227.41,628.71,843.55,
2023-03-30,2600.9,1493.96,230.12,630.9,845.47,
2023-03-31,2639.0,1510.73,235.11,634.9,856.59,
2023-04-03,2637.8,1527.04,232.83,666.07,858.21,
2023-04-04,2622.4,1527.4,233.03,654.61,838.88,
2023-04-05,2591.2,1553.83,231.85,663.91,827.97,
2023-04-06,2608.8,1557.33,233.47,654.14,827.76,
2023-04-10,2604.9,1556.75,234.66,658.37,835.19,
2023-04-11,2578.0,1561.36,235.72,664.24,840.11,
2023-04-12,2562.3,1561.6,235.04,664.99,842.91,
2023-04-13,2612.3,1580.81,233.99,669.04,846.09,
2023-04-14,2599.1,1568.38,229.95,670.32,845.07,
2023-04-17,2609.3,1566.76,235.08,661.8,851.74,
2023-04-18,2619.9,1556.5,234.74,664.75,855.69,
2023-04-19,2616.5,1560.92,236.04,663.08,855.09,
2023-04-20,2596.7,1554.15,233.17,657.19,853.51,
2023-04-21,2587.1,1564.68,233.61,653.3,851.44,
2023-04-24,2576.1,1573.41,232.94,663.35,853.37,
2023-04-25,2522.4,1556.86,230.8,651.16,837.71,
2023-04-26,2566.1,1534.96,228.9,642.83,822.05,
2023-04-27,2621.8,1542.8,234.06,645.68,838.37,
2023-04-28,2649.9,1555.39,236.79,655.2,846.11,
2023-05-01,2654.8,1564.51,234.57,646.97,850.77,303.316
2023-05-02,2630.1,1556.88,230.5,619.28,841.85,
2023-05-03,2608.3,1555.15,229.18,607.37,838.62,
2023-05-04,2595.5,1542.58,231.39,600.65,829.44,
2023-05-05,2665.9,1556.81,234.95,617.15,841.93,
2023-05-08,2665.4,1553.41,233.42,617.61,838.82,
2023-05-09,2642.6,1542.68,232.43,617.83,840.28,
2023-05-10,2675.0,1546.86,234.74,610.73,837.56,
2023-05-11,2663.0,1541.67,232.29,603.13,832.15,
2023-05-12,2657.0,1538.82,232.7,603.84,832.24,
2023-05-15,2676.6,1536.3,232.04,605.06,836.46,
2023-05-16,2681.0,1523.76,225.86,589.71,825.06,
2023-05-17,2715.4,1525.24,228.71,601.93,839.09,
2023-05-18,2771.4,1521.53,226.99,604.88,844.69,
2023-05-19,2768.3,1528.47,226.59,609.3,842.42,
2023-05-22,2772.0,1529.13,228.08,606.94,842.45,
2023-05-23,2730.4,1511.87,225.25,613.23,832.07,
2023-05-24,2713.4,1501.91,220.26,616.43,821.53,
2023-05-25,2834.1,1486.3,220.85,604.77,824.03,
2023-05-26,2910.0,1483.73,223.45,602.51,830.39,
2023-05-30,2928.2,1473.78,224.13,596.86,828.48,
2023-05-31,2896.3,1486.28,225.65,585.66,816.88,
2023-06-01,2934.8,1496.25,225.72,592.86,827.19,304.099
2023-06-02,2949.8,1516.22,230.37,610.41,851.69,
2023-06-05,2933.3,1522.04,229.24,606.86,845.64,
2023-06-06,2929.7,1508.67,230.67,611.05,850.74,
2023-06-07,2882.3,1502.41,234.62,627.22,864.24,
2023-06-08,2916.8,1512.14,233.23,624.43,865.78,
2023-06-09,2930.4,1515.05,231.83,620.82,863.48,
2023-06-12,2991.2,1522.0,231.95,614.8,869.48,
2023-06-13,3012.5,1530.05,233.34,617.67,879.55,
2023-06-14,3046.9,1512.91,234.19,610.77,876.99,
2023-06-15,3085.8,1536.36,234.98,617.1,890.25,
2023-06-16,3060.4,1536.25,234.78,616.43,888.91,
2023-06-20,3046.9,1533.99,231.95,602.31,882.17,
2023-06-21,3003.8,1534.94,230.61,607.85,887.17,
2023-06-22,3031.5,1544.88,227.23,599.93,880.85,
2023-06-23,2998.1,1539.92,224.6,595.17,874.25,
2023-06-26,2967.1,1530.7,229.78,605.37,881.18,
2023-06-27,3027.7,1527.64,232.07,606.74,892.24,
2023-06-28,3026.9,1522.26,232.62,612.9,891.9,
2023-06-29,3030.8,1532.09,234.54,619.71,900.26,
2023-06-30,3085.8,1548.62,235.9,623.56,908.09,
2023-07-03,3076.3,1535.95,238.13,625.5,908.72,
2023-07-05,3059.1,1535.16,239.17,622.11,903.24,
2023-07-06,3054.2,1521.86,237.71,606.87,896.56,
2023-07-07,3040.9,1504.14,236.58,619.4,898.61,
2023-07-10,3040.3,1516.29,237.18,624.08,911.11,
2023-07-11,3046.2,1516.35,240.08,637.81,922.06,
2023-07-12,3084.4,1512.18,240.96,643.57,920.19,
2023-07-13,3130.5,1511.97,242.52,640.65,921.59,
2023-07-14,3125.8,1534.69,242.52,623.02,918.53,
2023-07-17,3167.4,1528.05,240.11,622.26,922.4,
2023-07-18,3207.3,1538.75,237.91,628.35,927.62,
2023-07-19,3198.5,1546.36,240.68,631.64,927.15,
2023-07-20,3133.2,1571.85,239.89,639.8,930.92,
2023-07-21,3123.4,1587.77,240.99,645.0,926.65,
2023-07-24,3131.5,1584.08,243.62,655.7,928.85,
2023-07-25,3168.7,1583.09,241.46,659.42,927.64,
2023-07-26,3127.6,1581.84,243.15,658.83,933.79,
2023-07-27,3117.0,1569.73,238.52,655.25,926.15,
2023-07-28,3163.1,1574.35,237.78,655.86,931.88,
2023-07-31,3167.1,1561.85,239.23,668.98,934.02,
2023-08-01,3169.9,1553.85,239.03,665.88,936.97,306.138
2023-08-02,3087.8,1554.75,237.97,656.96,926.84,
2023-08-03,3078.0,1547.02,234.65,663.21,921.18,
2023-08-04,3032.0,1541.39,232.09,663.38,915.16,
2023-08-07,3040.1,1559.63,235.0,664.37,926.67,
2023-08-08,3016.5,1571.85,233.81,667.6,922.41,
2023-08-09,2970.9,1571.0,234.45,675.77,921.61,
2023-08-10,2971.2,1570.32,233.71,676.29,919.02,
2023-08-11,2945.0,1579.26,234.15,686.84,919.97,
2023-08-14,2999.6,1584.46,232.74,684.56,920.24,
2023-08-15,2972.2,1578.77,230.36,667.84,908.52,
2023-08-16,2945.9,1566.51,227.52,661.8,903.49,
2023-08-17,2917.5,1554.53,225.89,669.15,895.89,
2023-08-18,2920.7,1554.39,226.51,675.43,896.96,
2023-08-21,2986.8,1555.86,224.43,671.21,895.72,
2023-08-22,2979.6,1550.13,225.09,666.07,893.9,
2023-08-23,3036.8,1554.7,228.29,664.05,902.79,
2023-08-24,2971.4,1542.82,227.34,659.12,891.79,
2023-08-25,2995.8,1552.14,228.0,666.18,899.43,
2023-08-28,3020.2,1555.76,229.54,671.02,906.49,
2023-08-29,3084.0,1568.67,232.21,673.02,913.52,
2023-08-30,3109.7,1568.21,233.13,676.45,917.54,
2023-08-31,3121.2,1549.31,231.29,677.49,912.89,
2023-09-01,3128.2,1552.95,230.97,691.39,917.58,307.374
2023-09-05,3140.4,1538.28,228.57,694.76,902.08,
2023-09-06,3097.3,1528.93,228.02,695.76,897.77,
2023-09-07,3048.6,1536.18,229.76,694.25,894.94,
2023-09-08,3054.9,1535.49,228.32,700.97,890.79,
2023-09-11,3068.8,1545.94,228.37,691.75,890.73,
2023-09-12,3015.2,1543.35,228.41,707.71,887.43,
2023-09-13,3024.6,1543.72,226.44,702.32,881.52,
2023-09-14,3045.8,1547.62,230.57,711.19,890.21,
2023-09-15,2986.6,1536.19,229.6,701.84,885.46,
2023-09-18,3000.7,1533.43,227.5,706.64,886.46,
2023-09-19,2998.4,1534.89,226.15,700.75,882.34,
2023-09-20,2945.2,1535.17,226.37,694.06,878.91,
2023-09-21,2900.5,1521.02,218.52,684.42,864.62,
2023-09-22,2908.0,1518.09,216.87,685.48,861.67,
2023-09-25,2921.6,1526.27,216.48,694.25,865.64,
2023-09-26,2869.6,1513.1,212.67,690.76,852.5,
2023-09-27,2874.5,1505.61,210.81,708.08,859.0,
2023-09-28,2894.2,1512.8,212.69,708.16,862.66,
2023-09-29,2905.6,1501.22,213.43,694.19,857.57,
2023-10-02,2944.2,1499.6,209.61,680.95,849.73,
2023-10-03,2890.6,1485.96,205.59,680.8,843.45,
2023-10-04,2926.8,1492.7,207.95,657.91,846.68,
2023-10-05,2934.1,1500.08,209.02,654.09,841.3,
2023-10-06,2991.1,1515.28,209.62,656.79,852.5,
2023-10-09,3004.0,1520.7,212.44,680.01,866.19,
2023-10-10,3008.6,1528.2,213.04,679.89,871.17,
2023-10-11,3038.9,1521.7,217.59,670.72,876.6,
2023-10-12,3042.1,1507.53,214.87,671.31,868.42,
2023-10-13,2995.8,1516.76,214.84,686.44,860.99,
2023-10-16,3025.0,1528.16,216.96,690.94,870.04,
2023-10-17,3001.6,1526.17,215.99,697.7,872.77,
2023-10-18,2964.7,1512.5,211.33,704.21,851.56,
2023-10-19,2951.8,1497.94,206.34,703.32,843.88,
2023-10-20,2902.0,1492.01,205.24,691.1,835.2,
2023-10-23,2914.2,1482.61,203.5,679.91,831.31,
2023-10-24,2934.8,1486.89,205.99,670.27,837.28,
2023-10-25,2900.0,1473.55,201.89,669.21,826.65,
2023-10-26,2837.1,1459.16,206.46,663.88,822.99,
2023-10-27,2853.5,1434.27,203.0,648.58,815.8,
2023-10-30,2887.4,1442.11,203.53,650.56,825.79,
2023-10-31,2903.5,1451.16,207.5,652.01,832.11,
2023-11-01,2963.9,1453.86,208.53,649.85,834.83,308.087
2023-11-02,3014.8,1476.63,215.24,670.03,851.96,
2023-11-03,3048.7,1484.19,219.92,663.24,858.95,
2023-11-06,3072.5,1494.01,216.71,655.32,856.73,
2023-11-07,3105.8,1494.7,214.65,640.68,854.53,
2023-11-08,3125.6,1492.6,216.09,632.87,856.86,
2023-11-09,3113.0,1461.25,212.72,631.14,854.76,
2023-11-10,3193.8,1469.99,214.88,637.88,866.21,
2023-11-13,3176.6,1478.3,213.13,642.39,867.01,
2023-11-14,3237.5,1488.62,224.41,645.88,884.71,
2023-11-15,3235.0,1489.59,224.8,643.71,886.47,
2023-11-16,3256.9,1495.29,224.92,630.13,885.93,
2023-11-17,3247.7,1492.44,224.39,643.5,891.12,
2023-11-20,3296.5,1500.21,226.27,644.25,894.01,
2023-11-21,3269.0,1509.34,225.11,642.91,893.54,
2023-11-22,3278.1,1517.49,225.89,642.21,895.24,
2023-11-24,3267.7,1525.24,226.62,645.08,897.85,
2023-11-27,3269.1,1515.55,227.59,642.52,892.65,
2023-11-28,3275.4,1507.92,228.91,642.89,890.49,
2023-11-29,3275.7,1508.21,230.63,637.21,893.39,
2023-11-30,3273.1,1527.1,232.81,641.28,902.92,
2023-12-01,3278.6,1532.57,237.6,644.36,917.07,308.735
2023-12-04,3235.7,1535.76,238.89,641.4,918.95,
2023-12-05,3262.1,1533.18,237.94,630.48,911.04,
2023-12-06,3231.8,1534.12,237.09,620.13,915.35,
2023-12-07,3273.2,1532.92,237.36,616.35,915.94,
2023-12-08,3302.7,1535.68,236.8,623.22,918.97,
2023-12-11,3316.6,1545.1,237.48,623.99,927.24,
2023-12-12,3344.1,1552.29,237.27,615.54,931.51,
2023-12-13,3373.8,1580.62,245.88,623.23,942.14,
2023-12-14,3362.4,1571.96,252.12,641.58,953.7,
2023-12-15,3386.1,1558.59,248.84,638.29,951.8,
2023-12-18,3395.1,1561.53,247.8,643.17,952.49,
2023-12-19,3403.3,1571.98,249.76,651.04,959.43,
2023-12-20,3350.8,1549.01,246.47,644.74,943.72,
2023-12-21,3386.8,1567.63,248.68,647.26,953.77,
2023-12-22,3388.1,1575.27,249.46,648.91,957.94,
2023-12-26,3401.6,1578.69,251.49,654.57,964.9,
2023-12-27,3402.4,1586.03,252.64,651.12,966.59,
2023-12-28,3406.6,1589.86,254.01,641.58,966.65,
2023-12-29,3397.2,1590.36,250.96,640.05,964.73,
2024-01-02,3309.5,1618.4,253.65,647.67,955.58,
2024-01-03,3275.7,1616.21,247.91,657.5,941.16,
2024-01-04,3254.6,1623.72,247.48,646.81,942.06,
2024-01-05,3259.5,1623.32,247.01,647.23,944.0,
2024-01-08,3349.0,1636.96,250.5,639.69,949.5,
2024-01-09,3357.5,1637.63,248.57,629.29,947.2,
2024-01-10,3391.2,1644.44,249.05,622.93,951.74,
2024-01-11,3406.1,1642.58,246.72,623.93,949.83,
2024-01-12,3417.9,1637.75,248.6,631.77,949.41,
2024-01-16,3431.2,1628.69,247.15,616.6,940.11,
2024-01-17,3414.1,1624.75,242.38,611.42,933.81,
2024-01-18,3483.5,1624.94,240.73,610.09,946.33,
2024-01-19,3565.2,1625.99,243.05,612.33,952.12,
2024-01-22,3579.0,1632.17,243.93,614.12,959.18,
2024-01-23,3595.1,1631.3,242.63,616.19,958.62,
2024-01-24,3622.8,1616.48,239.17,625.02,952.46,
2024-01-25,3636.5,1612.81,242.34,638.97,961.74,
2024-01-26,3598.3,1622.26,241.37,643.85,960.37,
2024-01-29,3633.1,1633.36,242.86,642.53,966.47,
2024-01-30,3606.2,1637.4,240.7,649.04,966.92,
2024-01-31,3529.9,1635.58,239.1,636.73,955.86,
2024-02-01,3578.8,1656.3,243.45,636.32,972.12,311.022
2024-02-02,3625.9,1654.34,240.34,637.35,978.44,
2024-02-05,3647.1,1659.46,235.6,635.86,973.18,
2024-02-06,3629.6,1677.47,239.05,637.9,981.85,
2024-02-07,3681.6,1681.82,238.79,638.95,988.17,
2024-02-08,3686.9,1678.92,240.42,645.9,988.7,
2024-02-09,3742.2,1678.0,240.95,635.81,989.85,
2024-02-12,3713.3,1679.64,239.9,642.49,991.07,
2024-02-13,3655.4,1665.05,235.58,635.13,981.04,
2024-02-14,3695.4,1678.5,237.13,634.03,997.44,
2024-02-15,3679.3,1690.3,242.44,649.74,1004.31,
2024-02-16,3650.2,1695.12,240.14,649.59,998.28,
2024-02-20,3604.0,1688.33,239.88,643.4,994.74,
2024-02-21,3576.4,1692.77,241.46,655.35,998.9,
2024-02-22,3732.0,1713.18,242.16,656.15,1011.01,
2024-02-23,3722.0,1720.8,242.29,652.35,1016.05,
2024-02-26,3723.2,1712.11,239.43,654.45,1014.9,
2024-02-27,3725.6,1707.44,239.36,651.63,1016.07,
2024-02-28,3705.1,1698.75,242.46,650.33,1019.07,
2024-02-29,3748.6,1686.41,244.52,653.14,1022.56,
2024-03-01,3815.3,1702.79,247.13,660.81,1026.2,312.107
2024-03-04,3823.1,1700.53,249.98,653.65,1030.14,
2024-03-05,3739.6,1687.01,246.84,658.51,1021.62,
2024-03-06,3773.6,1698.98,248.22,660.77,1026.69,
2024-03-07,3845.0,1707.3,248.29,665.91,1035.18,
2024-03-08,3774.2,1703.26,251.09,668.5,1032.45,
2024-03-11,3760.0,1702.36,249.79,675.18,1027.02,
2024-03-12,3855.5,1710.55,248.75,674.11,1031.69,
2024-03-13,3813.9,1703.6,247.05,684.35,1034.2,
2024-03-14,3809.5,1696.29,242.86,691.9,1029.71,
2024-03-15,3760.3,1690.34,241.85,693.48,1030.54,
2024-03-18,3779.3,1689.96,241.72,696.43,1032.26,
2024-03-19,3803.4,1701.26,241.91,703.95,1040.77,
2024-03-20,3847.3,1697.3,242.5,703.32,1053.4,
2024-03-21,3852.5,1699.25,243.28,707.12,1063.94,
2024-03-22,3869.9,1696.81,240.38,705.67,1060.31,
2024-03-25,3849.9,1694.13,239.36,712.08,1053.05,
2024-03-26,3820.6,1699.89,238.25,706.69,1049.22,
2024-03-27,3825.3,1722.04,244.26,713.36,1066.0,
2024-03-28,3821.1,1723.97,246.0,721.24,1066.71,
2024-04-01,3829.7,1708.85,241.72,726.95,1058.31,313.016
2024-04-02,3792.7,1681.16,239.0,736.9,1052.8,
2024-04-03,3796.7,1679.47,239.04,741.76,1058.21,
2024-04-04,3731.3,1655.96,237.22,741.34,1049.14,
2024-04-05,3782.9,1671.01,238.5,749.39,1064.12,
2024-04-08,3770.9,1664.63,240.62,744.69,1061.84,
2024-04-09,3776.8,1671.07,243.82,745.11,1059.47,
2024-04-10,3748.8,1651.9,234.02,747.94,1050.6,
2024-04-11,3837.4,1643.79,233.91,746.47,1051.71,
2024-04-12,3774.4,1618.87,231.65,734.96,1040.48,
2024-04-15,3699.3,1615.76,227.74,728.34,1032.92,
2024-04-16,3707.7,1616.11,224.25,722.02,1030.89,
2024-04-17,3644.3,1613.26,222.46,719.56,1025.06,
2024-04-18,3611.7,1613.65,222.65,717.95,1021.45,
2024-04-19,3500.4,1618.78,223.61,725.99,1019.51,
2024-04-22,3545.1,1625.11,225.25,730.61,1027.14,
2024-04-23,3605.8,1645.35,227.34,734.45,1041.56,
2024-04-24,3606.9,1641.21,227.58,735.21,1033.33,
2024-04-25,3612.4,1630.97,226.46,738.85,1036.29,
2024-04-26,3679.4,1630.84,226.36,731.34,1038.07,
2024-04-29,3692.5,1636.26,228.95,736.23,1045.24,
2024-04-30,3612.6,1634.44,224.6,714.95,1028.09,
2024-05-01,3567.1,1638.59,225.07,703.53,1025.94,313.14
2024-05-02,3625.7,1636.72,228.41,707.13,1031.71,
2024-05-03,3734.8,1640.42,230.28,,1038.97,
2024-05-06,3790.2,1647.64,230.23,712.57,1049.41,
2024-05-07,3770.2,1661.01,232.72,711.59,1051.98,
2024-05-08,3779.0,1655.45,230.71,710.73,1052.27,
2024-05-09,3769.4,1668.56,236.23,720.42,1062.0,
2024-05-10,3787.4,1672.26,235.16,716.44,1062.84,
2024-05-13,3805.5,1670.66,236.2,714.81,1058.04,
2024-05-14,3841.1,1677.93,237.98,713.85,1058.01,
2024-05-15,3929.2,1702.06,241.91,714.93,1064.67,
2024-05-16,3915.9,1700.29,241.59,711.94,1057.73,
2024-05-17,3897.2,1703.0,241.7,721.66,1059.01,
2024-05-20,3948.8,1697.97,240.02,717.03,1060.8,
2024-05-21,3961.0,1700.98,239.94,713.38,1057.28,
2024-05-22,3963.8,1704.44,237.76,700.32,1058.9,
2024-05-23,3986.1,1686.03,232.59,693.15,1046.02,
2024-05-24,4031.1,1680.72,232.61,694.07,1051.77,
2024-05-28,4086.7,1659.75,231.39,701.55,1038.5,
2024-05-29,4072.1,1646.5,229.5,689.2,1023.72,
2024-05-30,3972.3,1647.7,233.25,690.87,1030.92,
2024-05-31,3972.2,1670.88,237.88,708.04,1042.88,
2024-06-03,4011.2,1683.21,237.12,689.64,1029.99,
2024-06-04,4027.8,1688.81,239.52,682.94,1027.6,
2024-06-05,4135.6,1696.09,239.16,682.88,1037.91,
2024-06-06,4116.2,1701.64,239.78,686.66,1031.7,
2024-06-07,4124.4,1703.44,237.71,683.43,1032.74,
2024-06-10,4136.3,1708.54,238.66,688.31,1035.77,
2024-06-11,4204.8,1702.63,237.97,686.66,1030.18,
2024-06-12,4308.3,1699.17,239.45,679.16,1039.72,
2024-06-13,4367.0,1698.45,240.96,673.14,1033.04,
2024-06-14,4389.3,1696.64,240.86,667.58,1022.35,
2024-06-17,4441.3,1693.22,239.12,669.07,1033.35,
2024-06-18,4468.4,1695.18,239.99,672.18,1039.05,
2024-06-20,4397.1,1701.38,239.19,684.65,1039.62,
2024-06-21,4360.2,1706.48,239.77,680.02,1038.17,
2024-06-24,4269.9,1715.86,241.6,698.61,1041.92,
2024-06-25,4346.5,1710.61,238.1,699.6,1033.15,
2024-06-26,4362.6,1704.52,237.89,693.6,1030.66,
2024-06-27,4359.8,1701.63,240.05,695.32,1031.13,
2024-06-28,4341.1,1700.33,241.61,698.23,1031.96,
2024-07-01,4397.5,1690.81,239.34,698.36,1020.62,313.566
2024-07-02,4421.0,1684.13,240.24,696.95,1026.22,
2024-07-03,4486.3,1671.87,240.15,700.04,1030.35,
2024-07-05,4508.1,1684.01,241.06,689.38,1026.22,
2024-07-08,4540.8,1682.4,241.46,685.32,1027.54,
2024-07-09,4542.5,1689.61,241.71,678.86,1022.88,
2024-07-10,4616.3,1706.13,243.46,683.77,1032.08,
2024-07-11,4489.8,1718.44,249.73,690.98,1045.13,
2024-07-12,4531.2,1728.54,251.36,692.49,1050.67,
2024-07-15,4549.6,1721.13,252.32,703.28,1058.03,
2024-07-16,4532.2,1746.01,254.87,705.72,1084.87,
2024-07-17,4363.6,1754.45,257.12,713.37,1070.81,
2024-07-18,4353.8,1714.22,255.03,715.75,1062.96,
2024-07-19,4298.4,1722.79,254.74,706.51,1056.59,
2024-07-22,4382.8,1732.57,257.19,701.44,1067.9,
2024-07-23,4377.3,1731.98,256.76,690.56,1065.69,
2024-07-24,4196.1,1746.09,253.02,692.1,1042.61,
2024-07-25,4148.1,1736.11,250.61,702.29,1050.52,
2024-07-26,4193.4,1745.98,254.76,704.8,1068.6,
2024-07-29,4179.4,1747.59,256.41,698.68,1066.92,
2024-07-30,4087.5,1749.47,258.41,709.46,1069.85,
2024-07-31,4249.1,1742.67,257.59,712.42,1081.94,
2024-08-01,4106.3,1761.08,262.05,694.15,1062.17,314.131
2024-08-02,4024.5,1757.39,262.66,678.47,1038.8,
2024-08-05,3872.2,1710.04,254.98,664.78,1020.89,
2024-08-06,3915.2,1718.33,260.99,667.46,1032.91,
2024-08-07,3861.9,1699.95,258.88,670.56,1027.46,
2024-08-08,3989.6,1738.44,261.14,684.46,1051.05,
2024-08-09,4015.2,1746.41,262.47,686.4,1051.25,
2024-08-12,4052.3,1739.59,260.96,689.76,1046.04,
2024-08-13,4173.7,1760.97,262.62,682.75,1057.24,
2024-08-14,4199.1,1768.85,263.66,687.28,1061.65,
2024-08-15,4305.7,1779.41,262.59,693.22,1075.62,
2024-08-16,4316.8,1779.98,262.45,692.25,1073.54,
2024-08-19,4379.1,1791.11,264.09,695.13,1079.84,
2024-08-20,4365.1,1797.72,264.35,676.68,1076.76,
2024-08-21,4385.3,1801.78,265.12,676.62,1083.37,
2024-08-22,4291.7,1801.37,266.66,678.76,1081.44,
2024-08-23,4363.0,1810.72,271.85,688.81,1092.68,
2024-08-26,4314.2,1808.63,271.44,696.48,1091.28,
2024-08-27,4341.5,1810.49,272.34,690.02,1091.44,
2024-08-28,4285.2,1812.64,271.4,685.41,1090.96,
2024-08-29,4253.3,1816.49,270.22,694.02,1098.58,
2024-08-30,4298.5,1829.71,272.97,695.86,1110.78,
2024-09-03,4108.1,1825.78,273.85,679.11,1085.61,
2024-09-04,4091.3,1823.2,274.51,669.5,1086.84,
2024-09-05,4093.2,1797.86,273.47,664.42,1073.98,
2024-09-06,3994.9,1790.65,273.53,656.67,1062.45,
2024-09-09,4051.7,1803.85,276.52,661.73,1079.04,
2024-09-10,4101.7,1811.9,281.63,649.02,1080.93,
2024-09-11,4234.9,1807.39,280.86,643.01,1083.23,
2024-09-12,4269.8,1813.01,281.31,649.07,1091.07,
2024-09-13,4287.6,1816.48,282.88,651.79,1101.79,
2024-09-16,4246.7,1827.23,283.56,659.59,1107.64,
2024-09-17,4242.8,1808.7,281.35,668.88,1113.39,
2024-09-18,4221.2,1805.81,280.18,670.56,1112.43,
2024-09-19,4351.3,1812.06,279.06,678.74,1131.91,
2024-09-20,4329.4,1805.9,278.86,676.5,1124.1,
2024-09-23,4326.1,1801.38,282.18,685.35,1131.53,
2024-09-24,4360.4,1797.38,281.98,683.38,1139.47,
2024-09-25,4382.0,1780.54,281.14,670.41,1134.25,
2024-09-26,4420.8,1786.28,277.82,657.03,1139.87,
2024-09-27,4378.5,1785.58,278.36,670.92,1141.58,
2024-09-30,4403.7,1796.48,280.48,676.47,1147.06,
2024-10-01,4286.7,1787.4,278.66,691.59,1146.94,315.564
2024-10-02,4311.8,1783.75,277.41,699.34,1144.7,
2024-10-03,4337.8,1767.64,274.84,710.4,1139.08,
2024-10-04,4380.8,1769.05,273.06,717.98,1146.22,
2024-10-07,4350.9,1760.44,271.15,720.5,1142.92,
2024-10-08,4443.1,1769.99,271.62,701.53,1145.39,
2024-10-09,4488.1,1788.1,271.64,705.05,1155.94,
2024-10-10,4491.9,1781.8,269.29,710.65,1149.69,
2024-10-11,4490.4,1794.87,271.97,714.08,1170.25,
2024-10-14,4551.6,1804.05,273.82,713.4,1176.93,
2024-10-15,4470.2,1781.62,277.26,691.7,1168.18,
2024-10-16,4486.3,1786.58,280.24,694.68,1177.15,
2024-10-17,4505.1,1776.14,278.05,697.73,1174.2,
2024-10-18,4526.7,1784.7,280.05,695.26,1177.27,
2024-10-21,4568.9,1763.47,274.21,693.77,1173.13,
2024-10-22,4575.8,1760.7,274.79,695.16,1159.22,
2024-10-23,4498.8,1752.58,278.18,691.83,1155.8,
2024-10-24,4508.4,1740.74,277.89,690.49,1147.61,
2024-10-25,4534.9,1731.52,275.66,690.91,1144.7,
2024-10-28,4531.6,1733.74,276.57,686.41,1147.78,
2024-10-29,4582.2,1728.75,273.96,676.53,1146.21,
2024-10-30,4520.9,1725.5,274.98,676.78,1144.02,
2024-10-31,4359.5,1711.5,270.07,681.25,1131.09,
2024-11-01,4386.2,1721.67,267.02,676.2,1132.95,316.449
2024-11-04,4381.1,1709.91,270.0,688.87,1131.31,
2024-11-05,4445.0,1722.74,273.52,692.79,1150.16,
2024-11-06,4557.2,1725.37,266.28,717.29,1195.4,
2024-11-07,4640.8,1736.45,269.3,714.7,1188.2,
2024-11-08,4624.9,1748.63,273.66,717.87,1200.17,
2024-11-11,4583.7,1738.27,271.49,720.79,1209.73,
2024-11-12,4604.4,1714.97,267.96,717.46,1199.25,
2024-11-13,4590.1,1709.79,269.87,723.47,1201.82,
2024-11-14,4592.3,1683.5,267.53,724.49,1181.55,
2024-11-15,4478.0,1651.81,268.54,722.04,1174.44,
2024-11-18,4487.4,1651.83,270.54,729.64,1172.47,
2024-11-19,4542.3,1643.93,272.01,724.73,1171.74,
2024-11-20,4531.9,1663.36,271.06,731.95,1172.86,
2024-11-21,4557.3,1677.19,272.85,737.99,1187.25,
2024-11-22,4547.3,1678.61,274.7,738.83,1203.38,
2024-11-25,4531.4,1693.65,278.15,723.95,1211.38,
2024-11-26,4567.7,1701.24,279.61,722.29,1213.22,
2024-11-27,4513.5,1709.26,281.37,721.6,1208.86,
2024-11-29,4558.7,1713.71,279.92,724.06,1214.04,
2024-12-02,4605.5,1711.47,275.87,717.87,1205.97,
2024-12-03,4631.4,1708.3,274.15,717.49,1198.13,
2024-12-04,4713.3,1707.05,273.26,699.77,1203.42,
2024-12-05,4704.7,1687.81,272.83,702.13,1188.92,
2024-12-06,4711.3,1678.63,272.56,691.13,1185.91,
2024-12-09,4690.0,1682.36,272.73,689.74,1174.77,
2024-12-10,4631.1,1674.61,268.32,685.43,1172.15,
2024-12-11,4700.4,1652.78,267.37,685.58,1169.87,
2024-12-12,4678.5,1639.13,266.89,680.99,1161.94,
2024-12-13,4703.8,1639.18,265.76,676.68,1158.8,
2024-12-16,4751.1,1618.71,263.99,661.88,1159.67,
2024-12-17,4731.9,1617.84,262.87,656.83,1149.22,
2024-12-18,4590.3,1595.57,252.49,639.66,1116.77,
2024-12-19,4599.0,1583.85,248.28,633.35,1115.6,
2024-12-20,4669.5,1603.1,252.66,638.92,1128.15,
2024-12-23,4728.4,1619.76,253.76,642.84,1127.66,
2024-12-24,4777.1,1626.36,255.57,647.39,1136.69,
2024-12-26,4780.8,1628.97,255.93,646.72,1137.39,
2024-12-27,4709.4,1620.64,253.4,646.67,1128.17,
2024-12-30,4658.0,1600.96,252.25,646.12,1117.17,
2024-12-31,4609.5,1604.75,254.25,654.85,1115.65,
2025-01-02,4600.1,1604.98,251.71,661.66,1111.53,
2025-01-03,4674.8,1620.82,255.09,667.6,1123.87,
2025-01-06,4742.0,1620.52,251.29,664.88,1121.49,
2025-01-07,4628.6,1629.97,249.73,671.96,1120.35,
2025-01-08,4633.0,1638.64,250.72,671.3,1124.96,
2025-01-10,4529.8,1629.21,244.75,673.6,1112.52,
2025-01-13,4490.6,1649.95,248.1,688.75,1125.37,
2025-01-14,4486.1,1634.37,250.29,695.23,1138.38,
2025-01-15,4585.9,1638.33,250.59,704.92,1146.05,
2025-01-16,4526.3,1645.23,256.29,709.32,1159.62,
2025-01-17,4601.2,1634.14,255.96,714.95,1166.14,
2025-01-21,4618.5,1661.11,260.64,710.38,1189.85,
2025-01-22,4733.6,1656.91,255.85,697.95,1187.87,
2025-01-23,4739.2,1679.24,257.94,701.07,1199.22,
2025-01-24,4687.7,1681.5,258.82,694.23,1194.15,
2025-01-27,4425.9,1718.34,261.2,689.11,1178.43,
2025-01-28,4585.0,1706.92,257.79,681.95,1170.89,
2025-01-29,4534.9,1697.18,254.61,683.17,1166.44,
2025-01-30,4509.7,1716.81,258.01,686.76,1179.8,
2025-01-31,4474.2,1710.76,257.38,667.95,1171.34,
2025-02-03,4393.5,1717.57,256.95,670.73,1159.23,
2025-02-04,4458.2,1712.96,256.8,685.33,1160.02,
2025-02-05,4528.2,1730.44,260.89,686.07,1161.12,
2025-02-06,4557.9,1714.21,261.9,674.79,1165.97,
2025-02-07,4511.5,1705.45,260.97,674.59,1162.0,
2025-02-10,4577.0,1704.49,261.44,689.13,1172.58,
2025-02-11,4585.4,1700.75,263.27,694.35,1172.85,
2025-02-12,4583.2,1698.84,261.07,675.66,1166.02,
2025-02-13,4653.1,1705.58,263.19,680.86,1167.12,
2025-02-14,4681.1,1686.57,261.85,681.76,1163.78,
2025-02-18,4707.0,1682.2,262.82,691.08,1172.76,
2025-02-19,4713.9,1703.36,262.89,695.91,1173.75,
2025-02-20,4711.1,1712.79,265.08,702.68,1165.82,
2025-02-21,4595.7,1704.69,263.43,688.97,1139.79,
2025-02-24,4530.2,1717.54,264.19,689.7,1134.83,
2025-02-25,4468.1,1732.23,267.36,679.54,1140.82,
2025-02-26,4507.8,1720.36,265.59,676.23,1141.54,
2025-02-27,4336.9,1713.3,267.06,679.49,1137.26,
2025-02-28,4411.3,1734.28,269.0,689.88,1152.54,
2025-03-03,4255.8,1740.43,271.42,665.65,1135.8,
2025-03-04,4256.3,1724.32,267.96,659.92,1113.56,
2025-03-05,4315.4,1741.65,270.4,649.95,1131.25,
2025-03-06,4201.2,1736.85,263.12,653.22,1120.86,
2025-03-07,4261.7,1737.3,264.78,663.95,1134.28,
2025-03-10,4076.8,1718.26,262.18,670.18,1116.09,
2025-03-11,4061.2,1698.93,259.62,663.74,1098.9,
2025-03-12,4124.6,1681.65,258.44,666.65,1098.94,
2025-03-13,4051.2,1673.12,253.48,662.39,1087.35,
2025-03-14,4174.1,1685.82,257.81,681.0,1107.38,
2025-03-17,4181.7,1704.96,261.97,691.62,1122.31,
2025-03-18,4112.8,1706.98,260.56,693.17,1113.64,
2025-03-19,4171.1,1707.24,260.46,704.19,1128.03,
2025-03-20,4150.5,1709.16,260.13,707.11,1122.86,
2025-03-21,4171.0,1703.97,257.36,702.73,1116.78,
2025-03-24,4242.5,1716.99,260.81,709.79,1137.67,
2025-03-25,4254.7,1694.79,257.41,713.1,1138.86,
2025-03-26,4149.9,1688.6,258.9,717.38,1131.43,
2025-03-27,4118.8,1691.74,258.31,711.28,1125.61,
2025-03-28,4018.8,1687.06,258.53,708.15,1102.69,
2025-03-31,4020.0,1702.26,260.87,715.75,1109.72,
2025-04-01,4058.1,1672.54,261.1,719.91,1116.38,320.321
2025-04-02,4080.9,1683.05,262.17,720.39,1126.79,
2025-04-03,3800.8,1669.68,256.5,666.28,1065.88,
2025-04-04,3560.4,1577.84,244.64,608.32,998.87,
2025-04-07,3571.7,1568.43,238.77,602.6,994.44,
2025-04-08,3494.3,1551.83,230.91,587.65,985.55,
2025-04-09,3988.7,1619.12,246.27,631.53,1073.97,
2025-04-10,3807.1,1574.1,239.25,591.14,1045.93,
2025-04-11,3904.6,1596.96,242.38,605.93,1064.06,
2025-04-14,3929.2,1615.8,247.5,607.45,1075.14,
2025-04-15,3942.6,1604.63,248.04,606.68,1069.45,
2025-04-16,3787.1,1588.56,247.89,611.51,1054.7,
2025-04-17,3761.9,1578.44,252.08,625.42,1060.74,
2025-04-21,3659.6,1544.83,246.82,609.66,1036.78,
2025-04-22,3749.3,1572.65,251.79,625.66,1055.1,
2025-04-23,3858.7,1581.07,251.74,623.97,1068.24,
2025-04-24,3995.3,1600.62,252.2,633.13,1092.05,
2025-04-25,4060.2,1608.72,252.07,632.41,1092.21,
2025-04-28,4048.2,1614.73,253.99,636.39,1095.6,
2025-04-29,4066.7,1622.58,255.88,634.05,1102.57,
2025-04-30,4083.6,1637.04,258.33,617.47,1111.41,
2025-05-01,4174.0,1591.35,258.38,619.76,1119.16,320.58
2025-05-02,4222.9,1613.9,261.44,628.28,1139.44,
2025-05-05,4186.9,1608.29,261.17,615.58,1139.04,
2025-05-06,4160.7,1563.98,259.68,616.18,1129.32,
2025-05-07,4198.4,1576.66,259.45,616.66,1135.1,
2025-05-08,4233.9,1562.24,257.86,624.41,1150.27,
2025-05-09,4233.7,1545.09,259.69,630.94,1151.49,
2025-05-12,4431.0,1582.6,259.24,646.55,1186.68,
2025-05-13,4530.7,1535.61,255.75,655.11,1195.22,
2025-05-14,4574.3,1500.21,253.4,651.24,1189.53,
2025-05-15,4573.0,1519.35,258.25,652.01,1202.76,
2025-05-16,4578.5,1549.08,261.55,650.81,1215.21,
2025-05-19,4576.0,1563.92,262.23,640.74,1219.84,
2025-05-20,4555.2,1568.17,260.92,634.39,1215.35,
2025-05-21,4474.2,1530.97,254.4,623.0,1194.89,
2025-05-22,4479.6,1519.35,253.3,620.24,1194.84,
2025-05-23,4420.1,1515.99,253.38,622.0,1190.01,
2025-05-27,4532.7,1537.08,257.55,627.24,1211.34,
2025-05-28,4517.1,1528.28,257.57,619.41,1205.04,
2025-05-29,4543.8,1539.53,260.11,623.57,1206.01,
2025-05-30,4524.4,1543.45,260.52,619.34,1207.31,
2025-06-02,4564.8,1543.55,260.78,626.46,1204.44,
2025-06-03,4632.3,1546.43,259.4,633.42,1213.6,
2025-06-04,4642.9,1549.76,260.0,621.46,1214.66,
2025-06-05,4624.3,1548.48,259.66,620.45,1213.56,
2025-06-06,4660.3,1562.81,260.4,632.77,1223.88,
2025-06-09,4671.8,1560.38,260.14,634.19,1222.79,
2025-06-10,4693.2,1577.38,261.93,645.41,1217.43,
2025-06-11,4680.0,1577.98,260.23,655.01,1217.76,
2025-06-12,4727.4,1590.84,261.53,657.67,1214.88,
2025-06-13,4656.6,1582.28,259.12,669.0,1204.35,
2025-06-16,4727.6,1575.9,258.91,667.03,1212.95,
2025-06-17,4693.3,1550.11,258.14,673.9,1203.8,
2025-06-18,4710.2,1547.29,258.47,669.33,1200.77,
2025-06-20,4697.8,1540.18,258.26,676.35,1202.4,
2025-06-23,4745.0,1541.87,261.99,659.37,1217.96,
2025-06-24,4821.5,1560.28,263.0,649.39,1228.39,
2025-06-25,4878.4,1561.67,256.33,646.57,1217.0,
2025-06-26,4911.5,1565.37,254.33,656.29,1230.44,
2025-06-27,4916.6,1562.71,255.51,653.0,1242.86,
2025-06-30,4964.6,1572.52,257.26,648.68,1249.13,
2025-07-01,4908.8,1594.43,258.6,653.88,1252.83,322.132
2025-07-02,4972.6,1578.97,259.04,664.99,1254.1,
2025-07-03,5036.6,1580.76,259.24,666.64,1264.37,
2025-07-07,4995.9,1566.97,257.09,659.99,1260.07,
2025-07-08,5015.2,1573.72,256.73,677.95,1260.14,
2025-07-09,5062.1,1580.46,256.49,674.57,1268.95,
2025-07-10,5055.8,1590.36,257.55,679.91,1275.59,
2025-07-11,5044.8,1576.44,257.47,683.19,1271.66,
2025-07-14,5032.3,1574.93,259.27,674.99,1278.57,
2025-07-15,5096.3,1545.28,256.11,665.91,1268.8,
2025-07-16,5109.9,1564.14,258.84,660.33,1273.26,
2025-07-17,5155.4,1545.61,258.4,663.14,1284.4,
2025-07-18,5150.1,1536.28,259.36,656.8,1281.95,
2025-07-21,5156.9,1526.87,260.16,650.48,1274.24,
2025-07-22,5101.0,1555.84,265.02,653.88,1278.07,
2025-07-23,5138.9,1587.49,264.78,663.92,1300.42,
2025-07-24,5173.2,1580.82,264.27,668.65,1298.31,
2025-07-25,5185.4,1588.68,264.09,665.99,1311.04,
2025-07-28,5225.4,1575.51,259.13,673.67,1307.19,
2025-07-29,5214.4,1564.65,262.78,680.11,1292.24,
2025-07-30,5236.8,1562.05,258.68,670.93,1285.96,
2025-07-31,5220.7,1518.42,254.04,666.91,1285.95,
2025-08-01,5112.5,1527.29,253.53,655.08,1267.14,323.364
2025-08-04,5222.6,1548.81,255.36,652.21,1278.66,
2025-08-05,5175.3,1542.8,256.16,652.95,1275.89,
2025-08-06,5244.7,1519.36,253.96,646.99,1276.68,
2025-08-07,5266.4,1501.74,255.29,644.49,1275.08,
2025-08-08,5330.9,1515.32,253.03,648.66,1274.95,
2025-08-11,5301.0,1516.35,251.61,643.53,1271.31,
2025-08-12,5375.6,1527.57,252.46,646.68,1285.11,
2025-08-13,5365.3,1551.78,254.03,654.44,1290.15,
2025-08-14,5363.5,1559.54,252.07,653.3,1278.76,
2025-08-15,5323.3,1585.34,253.72,651.64,1271.74,
2025-08-18,5330.3,1581.76,251.34,647.9,1276.88,
2025-08-19,5230.3,1591.51,256.01,646.69,1279.26,
2025-08-20,5190.0,1601.03,256.97,652.22,1278.05,
2025-08-21,5169.8,1595.16,256.01,656.84,1273.75,
2025-08-22,5238.3,1608.18,259.81,669.94,1294.41,
2025-08-25,5233.8,1585.05,258.33,671.71,1281.21,
2025-08-26,5261.4,1593.78,257.67,670.34,1294.42,
2025-08-27,5286.8,1593.23,258.91,678.06,1294.21,
2025-08-28,5321.4,1586.54,258.15,682.7,1296.37,
2025-08-29,5234.6,1598.13,259.79,686.39,1284.04,
2025-09-02,5183.9,1599.22,255.24,687.99,1270.43,
2025-09-03,5226.6,1592.71,254.73,672.15,1264.29,
2025-09-04,5255.3,1598.5,256.18,676.16,1278.02,
2025-09-05,5244.5,1603.65,258.66,662.25,1272.95,
2025-09-08,5279.7,1601.81,256.98,661.28,1275.58,
2025-09-09,5280.3,1611.38,256.85,664.84,1267.33,
2025-09-10,5373.1,1596.74,256.81,676.57,1276.55,
2025-09-11,5382.5,1624.34,261.03,676.33,1288.77,
2025-09-12,5406.7,1606.0,259.87,672.4,1278.24,
2025-09-15,5451.2,1589.8,258.69,670.37,1283.93,
2025-09-16,5420.0,1590.25,257.12,681.98,1280.31,
2025-09-17,5382.2,1594.01,256.86,683.87,1274.51,
2025-09-18,5455.4,1596.86,256.77,680.92,1287.96,
2025-09-19,5520.0,1594.45,255.82,672.22,1290.66,
2025-09-22,5616.3,1593.8,256.9,670.99,1295.5,
2025-09-23,5552.5,1597.63,259.24,682.49,1295.68,
2025-09-24,5523.8,1591.87,256.98,690.88,1289.12,
2025-09-25,5525.6,1565.23,256.4,696.86,1280.62,
2025-09-26,5537.0,1580.59,259.06,703.64,1291.77,
2025-09-29,5564.3,1585.1,259.38,690.23,1295.78,
2025-09-30,5612.0,1623.95,260.27,682.82,1306.11,
2025-10-01,5651.8,1672.81,260.28,682.55,1301.91,
2025-10-02,5679.3,1669.62,258.79,675.56,1305.05,
2025-10-03,5661.3,1688.46,259.7,680.1,1306.85,
2025-10-06,5693.4,1680.36,257.52,683.62,1313.02,
2025-10-07,5663.8,1681.65,256.83,684.6,1305.57,
2025-10-08,5750.0,1684.64,255.69,680.67,1316.67,
2022-04-26,,1538.04,302.81,560.78,814.0,
2024-12-25,,1626.36,,,,
2022-09-08,,,266.34,,,
2020-01-01,,,,,,259.127
2020-02-01,,,,,,259.25
2020-03-01,,,,,,258.076
2020-08-01,,,,,,259.316
2020-11-01,,,,,,260.911
2021-01-01,,,,,,262.639
2021-05-01,,,,,,268.404
2021-08-01,,,,,,272.752
2022-01-01,,,,,,282.542
2022-05-01,,,,,,291.299
2022-10-01,,,,,,297.979
2023-01-01,,,,,,300.456
2023-04-01,,,,,,302.858
2023-07-01,,,,,,304.615
2023-10-01,,,,,,307.653
2024-01-01,,,,,,309.794
2024-06-01,,,,,,313.131
2024-09-01,,,,,,314.851
2024-12-01,,,,,,317.603
2025-01-01,,,,,,319.086
2025-02-01,,,,,,319.775
2025-03-01,,,,,,319.615
2025-06-01,,,,,,321.5
2025-09-01,,,,,,324.368
