Date,Price,Open,High,Low,Vol.,Change %,Index
2020-01-02,1639.1,1611.2,1639.5,1611.2,372.41M,1.73,Technology
2020-01-03,1621.7,1639.1,1639.1,1615.9,334.21M,-1.06,Technology
2020-01-06,1626.4,1621.7,1626.7,1602.4,339.78M,0.29,Technology
2020-01-07,1624.6,1626.4,1632.3,1622.3,382.70M,-0.11,Technology
2020-01-08,1641.4,1624.6,1648.4,1623.2,372.78M,1.03,Technology
2020-01-09,1659.9,1641.4,1661.1,1641.4,374.92M,1.13,Technology
2020-01-10,1656.8,1659.9,1669.6,1653.7,323.40M,-0.19,Technology
2020-01-13,1679.1,1656.8,1679.1,1656.8,335.76M,1.34,Technology
2020-01-14,1669.1,1679.1,1680.9,1666.7,350.82M,-0.6,Technology
2020-01-15,1670.3,1669.1,1679.0,1665.4,328.28M,0.07,Technology
2020-01-16,1693.7,1670.3,1693.8,1670.3,346.83M,1.4,Technology
2020-01-17,1705.8,1693.7,1706.3,1692.4,436.20M,0.71,Technology
2020-01-21,1704.3,1705.8,1714.0,1699.2,413.87M,-0.08,Technology
2020-01-22,1710.6,1704.3,1722.3,1704.3,352.58M,0.37,Technology
2020-01-23,1718.8,1710.6,1719.3,1705.0,350.12M,0.48,Technology
2020-01-24,1711.1,1718.8,1735.0,1704.5,453.66M,-0.45,Technology
2020-01-27,1670.7,1711.1,1711.1,1663.2,397.93M,-2.36,Technology
2020-01-28,1702.0,1670.7,1706.2,1670.7,374.14M,1.87,Technology
2020-01-29,1705.6,1702.0,1717.9,1699.3,438.04M,0.21,Technology
2020-01-30,1720.7,1705.6,1721.8,1695.2,426.14M,0.88,Technology
2020-01-31,1673.9,1720.7,1720.7,1667.8,487.83M,-2.72,Technology
2020-02-03,1696.0,1673.9,1699.5,1672.6,381.72M,1.32,Technology
2020-02-04,1740.1,1696.0,1743.6,1696.0,377.58M,2.6,Technology
2020-02-05,1750.6,1740.1,1768.2,1737.5,391.16M,0.6,Technology
2020-02-06,1766.0,1750.6,1766.2,1749.0,338.83M,0.88,Technology
2020-02-07,1748.7,1766.0,1766.0,1744.8,362.90M,-0.98,Technology
2020-02-10,1772.4,1748.7,1772.5,1737.7,360.60M,1.35,Technology
2020-02-11,1766.3,1772.4,1787.1,1760.9,405.42M,-0.34,Technology
2020-02-12,1785.0,1766.3,1785.9,1766.3,423.36M,1.06,Technology
2020-02-13,1779.7,1785.0,1789.7,1768.7,415.69M,-0.3,Technology
2020-02-14,1788.5,1779.7,1791.0,1778.3,351.70M,0.49,Technology
2020-02-18,1782.2,1788.5,1788.5,1771.8,374.18M,-0.35,Technology
2020-02-19,1801.6,1782.2,1804.2,1782.2,361.96M,1.09,Technology
2020-02-20,1783.4,1801.6,1801.9,1758.9,411.83M,-1.01,Technology
2020-02-21,1743.3,1783.4,1783.4,1732.4,460.97M,-2.25,Technology
2020-02-24,1670.3,1743.3,1743.3,1645.5,575.19M,-4.19,Technology
2020-02-25,1617.2,1670.3,1691.2,1611.1,673.60M,-3.18,Technology
2020-02-26,1623.6,1617.2,1659.3,1612.2,565.51M,0.4,Technology
2020-02-27,1537.1,1623.6,1623.6,1536.0,766.54M,-5.33,Technology
2020-02-28,1549.2,1537.1,1561.7,1476.2,952.51M,0.79,Technology
2020-03-02,1637.6,1549.2,1638.1,1548.5,715.75M,5.7,Technology
2020-03-03,1575.5,1637.6,1657.2,1559.6,754.10M,-3.79,Technology
2020-03-04,1643.0,1575.5,1643.9,1575.5,553.00M,4.28,Technology
2020-03-05,1590.2,1643.0,1643.0,1581.0,538.48M,-3.21,Technology
2020-03-06,1557.9,1590.2,1590.2,1515.3,680.99M,-2.03,Technology
2020-03-09,1440.2,1557.9,1557.9,1439.1,723.05M,-7.56,Technology
2020-03-10,1535.2,1440.2,1535.8,1440.2,680.23M,6.6,Technology
2020-03-11,1463.0,1535.2,1535.2,1441.7,715.00M,-4.7,Technology
2020-03-12,1319.1,1463.0,1463.0,1318.6,903.13M,-9.84,Technology
2020-03-13,1476.9,1319.1,1477.2,1319.1,835.37M,11.96,Technology
2020-03-16,1271.4,1476.9,1476.9,1267.2,810.34M,-13.91,Technology
2020-03-17,1357.5,1271.4,1372.7,1260.1,813.10M,6.77,Technology
2020-03-18,1295.2,1357.5,1357.5,1231.0,833.47M,-4.59,Technology
2020-03-19,1309.6,1295.2,1353.8,1263.3,748.17M,1.11,Technology
2020-03-20,1251.7,1309.6,1348.1,1247.6,846.44M,-4.42,Technology
2020-03-23,1239.4,1251.7,1269.6,1198.7,783.85M,-0.98,Technology
2020-03-24,1367.1,1239.4,1367.1,1239.4,796.01M,10.3,Technology
2020-03-25,1363.3,1367.1,1426.3,1337.9,751.97M,-0.28,Technology
2020-03-26,1449.8,1363.3,1451.8,1363.3,682.74M,6.35,Technology
2020-03-27,1383.0,1449.8,1449.8,1381.1,571.98M,-4.61,Technology
2020-03-30,1441.6,1383.0,1443.7,1383.0,529.30M,4.23,Technology
2020-03-31,1414.4,1441.6,1463.4,1406.9,659.47M,-1.89,Technology
2020-04-01,1347.7,1414.4,1414.4,1336.5,575.90M,-4.71,Technology
2020-04-02,1378.4,1347.7,1379.2,1336.5,540.72M,2.28,Technology
2020-04-03,1355.6,1378.4,1386.1,1339.4,457.23M,-1.65,Technology
2020-04-06,1474.6,1355.6,1481.3,1355.6,617.67M,8.78,Technology
2020-04-07,1458.9,1474.6,1523.8,1457.3,618.86M,-1.06,Technology
2020-04-08,1499.0,1458.9,1503.5,1458.9,477.42M,2.74,Technology
2020-04-09,1499.2,1499.0,1523.2,1488.1,550.91M,0.02,Technology
2020-04-13,1502.2,1499.2,1503.3,1471.4,412.29M,0.2,Technology
2020-04-14,1564.9,1502.2,1566.3,1502.2,501.26M,4.17,Technology
2020-04-15,1530.7,1564.9,1564.9,1519.1,439.25M,-2.19,Technology
2020-04-16,1549.7,1530.7,1552.8,1524.0,519.66M,1.24,Technology
2020-04-17,1571.0,1549.7,1575.8,1547.3,525.70M,1.38,Technology
2020-04-20,1543.0,1571.0,1571.0,1542.7,444.81M,-1.78,Technology
2020-04-21,1479.7,1543.0,1543.0,1470.8,579.79M,-4.1,Technology
2020-04-22,1536.9,1479.7,1543.8,1479.7,422.97M,3.87,Technology
2020-04-23,1526.3,1536.9,1557.6,1525.2,423.46M,-0.69,Technology
2020-04-24,1558.5,1526.3,1558.5,1523.0,435.13M,2.11,Technology
2020-04-27,1572.7,1558.5,1577.3,1558.5,389.98M,0.91,Technology
2020-04-28,1550.6,1572.7,1593.2,1549.2,440.24M,-1.41,Technology
2020-04-29,1616.0,1550.6,1620.2,1550.6,552.16M,4.22,Technology
2020-04-30,1608.6,1616.0,1616.6,1595.8,497.34M,-0.46,Technology
2020-05-01,1561.7,1608.6,1608.6,1557.0,472.50M,-2.92,Technology
2020-05-04,1583.9,1561.7,1584.9,1549.1,375.42M,1.42,Technology
2020-05-05,1606.5,1583.9,1626.1,1583.9,381.64M,1.42,Technology
2020-05-06,1617.9,1606.5,1633.4,1606.5,368.55M,0.71,Technology
2020-05-07,1642.4,1617.9,1651.0,1617.9,391.89M,1.52,Technology
2020-05-08,1665.4,1642.4,1665.7,1642.4,369.02M,1.4,Technology
2020-05-11,1677.0,1665.4,1685.9,1650.5,389.64M,0.7,Technology
2020-05-12,1641.2,1677.0,1687.8,1640.6,391.60M,-2.14,Technology
2020-05-13,1613.5,1641.2,1654.6,1592.1,510.45M,-1.69,Technology
2020-05-14,1633.8,1613.5,1634.2,1584.6,489.36M,1.26,Technology
2020-05-15,1640.7,1633.8,1642.1,1603.3,552.25M,0.42,Technology
2020-05-18,1682.7,1640.7,1691.7,1640.7,434.33M,2.56,Technology
2020-05-19,1675.9,1682.7,1701.9,1675.4,387.28M,-0.4,Technology
2020-05-20,1711.4,1675.9,1714.7,1675.9,401.61M,2.12,Technology
2020-05-21,1687.4,1711.4,1715.1,1686.7,345.54M,-1.4,Technology
2020-05-22,1694.5,1687.4,1695.5,1678.4,312.53M,0.42,Technology
2020-05-26,1692.5,1694.5,1728.3,1690.7,430.34M,-0.12,Technology
2020-05-27,1701.7,1692.5,1702.2,1656.3,529.80M,0.54,Technology
2020-05-28,1698.4,1701.7,1729.4,1694.2,471.08M,-0.19,Technology
2020-05-29,1718.5,1698.4,1723.5,1689.9,637.24M,1.18,Technology
2020-06-01,1718.9,1718.5,1722.7,1704.5,331.16M,0.02,Technology
2020-06-02,1735.0,1718.9,1735.3,1706.6,414.61M,0.94,Technology
2020-06-03,1749.3,1735.0,1753.7,1735.0,401.55M,0.82,Technology
2020-06-04,1734.6,1749.3,1754.1,1724.8,394.31M,-0.84,Technology
2020-06-05,1781.2,1734.6,1785.2,1734.6,487.35M,2.69,Technology
2020-06-08,1789.2,1781.2,1789.5,1760.7,382.23M,0.45,Technology
2020-06-09,1797.8,1789.2,1806.2,1778.2,413.25M,0.48,Technology
2020-06-10,1828.2,1797.8,1841.0,1797.8,453.21M,1.69,Technology
2020-06-11,1722.0,1828.2,1828.2,1721.7,572.86M,-5.81,Technology
2020-06-12,1745.1,1722.0,1776.8,1714.5,490.74M,1.34,Technology
2020-06-15,1760.3,1745.1,1769.0,1707.7,417.70M,0.87,Technology
2020-06-16,1798.3,1760.3,1814.4,1760.3,453.93M,2.16,Technology
2020-06-17,1798.8,1798.3,1815.6,1796.4,355.60M,0.03,Technology
2020-06-18,1807.5,1798.8,1808.6,1792.8,333.89M,0.48,Technology
2020-06-19,1793.7,1807.5,1830.4,1785.7,701.62M,-0.76,Technology
2020-06-22,1828.3,1793.7,1829.2,1793.7,368.92M,1.93,Technology
2020-06-23,1841.1,1828.3,1861.7,1828.3,418.57M,0.7,Technology
2020-06-24,1798.9,1841.1,1843.7,1789.8,446.80M,-2.29,Technology
2020-06-25,1822.3,1798.9,1824.2,1783.3,371.12M,1.3,Technology
2020-06-26,1785.7,1822.3,1822.3,1781.5,687.71M,-2.01,Technology
2020-06-29,1805.5,1785.7,1806.2,1765.2,352.91M,1.11,Technology
2020-06-30,1840.1,1805.5,1845.8,1805.0,433.62M,1.92,Technology
2020-07-01,1842.0,1840.1,1852.3,1831.5,346.73M,0.1,Technology
2020-07-02,1851.3,1842.0,1868.7,1842.0,321.71M,0.5,Technology
2020-07-06,1884.7,1851.3,1893.3,1851.3,343.36M,1.8,Technology
2020-07-07,1864.8,1884.7,1901.2,1863.0,334.30M,-1.06,Technology
2020-07-08,1894.7,1864.8,1894.9,1864.8,322.41M,1.6,Technology
2020-07-09,1901.8,1894.7,1910.6,1875.3,417.79M,0.38,Technology
2020-07-10,1901.3,1901.8,1902.1,1879.3,325.81M,-0.03,Technology
2020-07-13,1861.0,1901.3,1930.1,1857.4,452.93M,-2.12,Technology
2020-07-14,1883.3,1861.0,1885.9,1827.7,418.66M,1.2,Technology
2020-07-15,1893.3,1883.3,1909.4,1871.4,365.89M,0.53,Technology
2020-07-16,1870.1,1893.3,1893.3,1855.7,304.40M,-1.22,Technology
2020-07-17,1879.1,1870.1,1884.2,1862.4,310.58M,0.48,Technology
2020-07-20,1927.7,1879.1,1930.9,1874.4,324.50M,2.58,Technology
2020-07-21,1907.2,1927.7,1939.9,1901.3,352.79M,-1.06,Technology
2020-07-22,1923.0,1907.2,1929.2,1907.2,437.77M,0.83,Technology
2020-07-23,1872.4,1923.0,1925.7,1865.2,513.83M,-2.63,Technology
2020-07-24,1850.2,1872.4,1872.4,1821.0,705.00M,-1.19,Technology
2020-07-27,1880.0,1850.2,1881.5,1850.2,477.15M,1.61,Technology
2020-07-28,1857.1,1880.0,1880.0,1856.6,410.72M,-1.22,Technology
2020-07-29,1884.9,1857.1,1889.7,1857.1,477.71M,1.5,Technology
2020-07-30,1894.9,1884.9,1896.1,1857.8,452.20M,0.53,Technology
2020-07-31,1942.4,1894.9,1942.8,1894.0,552.04M,2.5,Technology
2020-08-03,1990.7,1942.4,1996.3,1942.4,481.54M,2.49,Technology
2020-08-04,1995.1,1990.7,1995.3,1978.0,495.60M,0.22,Technology
2020-08-05,2002.0,1995.1,2007.3,1993.1,371.12M,0.35,Technology
2020-08-06,2031.2,2002.0,2032.6,1996.6,416.69M,1.46,Technology
2020-08-07,1999.4,2031.2,2031.2,1983.8,410.32M,-1.56,Technology
2020-08-10,1992.9,1999.4,2006.4,1967.0,429.40M,-0.33,Technology
2020-08-11,1957.3,1992.9,1995.4,1953.7,447.41M,-1.78,Technology
2020-08-12,2002.6,1957.3,2006.9,1957.3,413.70M,2.31,Technology
2020-08-13,2003.5,2002.6,2019.6,1995.9,474.54M,0.04,Technology
2020-08-14,2001.5,2003.5,2006.9,1990.5,326.77M,-0.1,Technology
2020-08-17,2015.0,2001.5,2019.4,2001.5,318.94M,0.67,Technology
2020-08-18,2022.9,2015.0,2027.9,2005.6,324.12M,0.39,Technology
2020-08-19,2017.4,2022.9,2035.5,2015.5,350.94M,-0.27,Technology
2020-08-20,2046.4,2017.4,2049.8,2009.5,376.08M,1.44,Technology
2020-08-21,2071.2,2046.4,2074.0,2046.4,461.53M,1.21,Technology
2020-08-24,2089.3,2071.2,2102.4,2071.2,392.53M,0.87,Technology
2020-08-25,2100.2,2089.3,2101.0,2082.2,375.10M,0.52,Technology
2020-08-26,2143.2,2100.2,2148.7,2100.2,441.28M,2.05,Technology
2020-08-27,2143.8,2143.2,2161.6,2125.6,409.81M,0.03,Technology
2020-08-28,2164.4,2143.8,2170.3,2143.8,382.63M,0.96,Technology
2020-08-31,2172.2,2164.4,2184.5,2158.6,662.71M,0.36,Technology
2020-09-01,2212.5,2172.2,2214.3,2172.2,493.62M,1.86,Technology
2020-09-02,2232.9,2212.5,2239.9,2192.4,629.37M,0.92,Technology
2020-09-03,2102.8,2232.9,2232.9,2086.8,788.66M,-5.83,Technology
2020-09-04,2074.5,2102.8,2122.1,1986.2,862.76M,-1.34,Technology
2020-09-08,1979.3,2074.5,2074.5,1977.1,701.77M,-4.59,Technology
2020-09-09,2045.5,1979.3,2065.4,1979.3,576.67M,3.35,Technology
2020-09-10,1999.0,2045.5,2075.5,1987.2,546.68M,-2.28,Technology
2020-09-11,1984.0,1999.0,2024.7,1958.8,585.37M,-0.75,Technology
2020-09-14,2025.1,1984.0,2036.1,1984.0,541.22M,2.07,Technology
2020-09-15,2045.3,2025.1,2059.6,2025.1,524.34M,1.0,Technology
2020-09-16,2013.4,2045.3,2056.3,2012.6,496.95M,-1.56,Technology
2020-09-17,1996.4,2013.4,2013.4,1965.8,555.73M,-0.84,Technology
2020-09-18,1963.3,1996.4,2003.8,1938.8,870.57M,-1.66,Technology
2020-09-21,1978.1,1963.3,1978.5,1920.3,621.62M,0.76,Technology
2020-09-22,2010.7,1978.1,2014.8,1967.1,499.70M,1.65,Technology
2020-09-23,1946.1,2010.7,2012.8,1941.0,497.28M,-3.21,Technology
2020-09-24,1958.2,1946.1,1982.2,1926.3,513.31M,0.62,Technology
2020-09-25,2005.2,1958.2,2010.7,1947.2,463.72M,2.4,Technology
2020-09-28,2042.3,2005.2,2043.2,2005.2,473.57M,1.85,Technology
2020-09-29,2036.1,2042.3,2049.1,2032.4,408.63M,-0.3,Technology
2020-09-30,2054.6,2036.1,2074.3,2034.7,553.29M,0.91,Technology
2020-10-01,2074.3,2054.6,2084.4,2054.6,438.38M,0.96,Technology
2020-10-02,2021.4,2074.3,2074.3,2014.3,460.18M,-2.55,Technology
2020-10-05,2067.2,2021.4,2067.5,2021.4,404.12M,2.27,Technology
2020-10-06,2034.2,2067.2,2080.9,2027.8,497.65M,-1.59,Technology
2020-10-07,2072.8,2034.2,2075.5,2034.2,381.10M,1.89,Technology
2020-10-08,2082.0,2072.8,2089.8,2072.8,389.14M,0.45,Technology
2020-10-09,2114.1,2082.0,2114.2,2082.0,452.42M,1.54,Technology
2020-10-12,2171.5,2114.1,2185.9,2114.1,574.51M,2.72,Technology
2020-10-13,2157.8,2171.5,2182.7,2149.8,566.89M,-0.63,Technology
2020-10-14,2146.0,2157.8,2174.5,2130.2,428.04M,-0.55,Technology
2020-10-15,2136.5,2146.0,2146.0,2106.2,375.89M,-0.44,Technology
2020-10-16,2130.5,2136.5,2156.9,2129.7,415.90M,-0.28,Technology
2020-10-19,2090.6,2130.5,2149.7,2085.4,442.75M,-1.88,Technology
2020-10-20,2098.6,2090.6,2120.6,2086.0,409.21M,0.38,Technology
2020-10-21,2095.8,2098.6,2115.4,2091.4,373.96M,-0.13,Technology
2020-10-22,2085.9,2095.8,2103.0,2062.1,400.33M,-0.47,Technology
2020-10-23,2083.5,2085.9,2087.3,2066.3,431.23M,-0.12,Technology
2020-10-26,2038.3,2083.5,2083.5,2013.4,519.54M,-2.17,Technology
2020-10-27,2048.9,2038.3,2056.8,2037.3,589.46M,0.52,Technology
2020-10-28,1960.2,2048.9,2048.9,1958.5,633.99M,-4.33,Technology
2020-10-29,1997.3,1960.2,2016.9,1960.2,544.56M,1.89,Technology
2020-10-30,1948.7,1997.3,1997.3,1927.6,606.74M,-2.44,Technology
2020-11-02,1955.3,1948.7,1980.5,1936.1,467.44M,0.34,Technology
2020-11-03,1990.6,1955.3,2006.4,1955.3,450.06M,1.8,Technology
2020-11-04,2066.9,1990.6,2081.7,1990.6,570.29M,3.83,Technology
2020-11-05,2131.4,2068.8,2136.5,2068.8,512.53M,3.12,Technology
2020-11-06,2137.7,2131.4,2143.4,2096.0,440.26M,0.3,Technology
2020-11-09,2122.1,2137.7,2202.5,2119.5,676.06M,-0.73,Technology
2020-11-10,2081.0,2122.1,2122.1,2065.2,573.98M,-1.94,Technology
2020-11-11,2131.2,2081.0,2136.8,2081.0,442.26M,2.41,Technology
2020-11-12,2111.1,2131.2,2141.3,2102.8,418.19M,-0.94,Technology
2020-11-13,2129.2,2111.1,2134.3,2108.3,378.73M,0.86,Technology
2020-11-16,2150.0,2129.2,2154.4,2125.1,449.86M,0.98,Technology
2020-11-17,2138.2,2150.0,2150.0,2129.9,365.06M,-0.55,Technology
2020-11-18,2114.4,2138.2,2143.9,2113.9,388.92M,-1.11,Technology
2020-11-19,2132.1,2114.4,2135.1,2100.8,387.84M,0.84,Technology
2020-11-20,2109.7,2132.1,2134.2,2109.3,367.10M,-1.05,Technology
2020-11-23,2109.0,2109.7,2129.8,2091.4,454.31M,-0.03,Technology
2020-11-24,2138.2,2109.0,2142.3,2101.9,480.69M,1.39,Technology
2020-11-25,2143.0,2138.2,2151.9,2135.3,398.70M,0.22,Technology
2020-11-27,2153.9,2143.0,2163.5,2143.0,212.91M,0.51,Technology
2020-11-30,2168.1,2153.9,2171.4,2130.0,674.93M,0.66,Technology
2020-12-01,2198.7,2168.1,2208.7,2168.1,564.45M,1.41,Technology
2020-12-02,2193.9,2198.7,2198.7,2171.2,474.35M,-0.22,Technology
2020-12-03,2191.6,2193.9,2206.9,2186.0,429.13M,-0.1,Technology
2020-12-04,2213.9,2191.6,2213.9,2190.6,435.58M,1.02,Technology
2020-12-07,2219.8,2213.9,2226.6,2211.2,420.50M,0.26,Technology
2020-12-08,2227.4,2219.8,2234.1,2208.6,372.88M,0.35,Technology
2020-12-09,2185.6,2227.4,2232.7,2177.0,483.44M,-1.88,Technology
2020-12-10,2187.2,2185.6,2197.8,2166.7,394.70M,0.07,Technology
2020-12-11,2182.2,2187.2,2187.2,2158.3,405.06M,-0.23,Technology
2020-12-14,2191.2,2182.2,2210.2,2182.2,416.22M,0.41,Technology
2020-12-15,2226.5,2191.2,2226.8,2191.2,474.87M,1.61,Technology
2020-12-16,2243.1,2226.5,2250.1,2223.1,412.58M,0.74,Technology
2020-12-17,2259.8,2243.1,2265.2,2243.1,395.64M,0.75,Technology
2020-12-18,2252.1,2259.8,2263.7,2237.6,867.51M,-0.34,Technology
2020-12-21,2253.7,2252.1,2255.1,2203.8,487.99M,0.07,Technology
2020-12-22,2273.1,2253.7,2283.9,2253.7,451.98M,0.86,Technology
2020-12-23,2253.8,2273.1,2278.1,2253.2,318.58M,-0.85,Technology
2020-12-24,2270.6,2253.8,2277.1,2253.8,170.55M,0.75,Technology
2020-12-28,2297.0,2270.6,2301.8,2270.6,341.58M,1.16,Technology
2020-12-29,2285.0,2297.0,2313.4,2282.4,400.18M,-0.52,Technology
2020-12-30,2284.5,2285.0,2299.6,2282.0,335.16M,-0.02,Technology
2020-12-31,2291.3,2284.5,2294.6,2269.9,347.66M,0.3,Technology
2021-01-04,2250.2,2291.3,2300.9,2220.9,568.03M,-1.79,Technology
2021-01-05,2265.9,2250.2,2268.6,2244.7,414.18M,0.7,Technology
2021-01-06,2225.0,2265.9,2269.0,2218.8,540.42M,-1.81,Technology
2021-01-07,2284.0,2225.0,2289.8,2225.0,474.93M,2.65,Technology
2021-01-08,2301.2,2284.0,2306.5,2274.4,475.26M,0.75,Technology
2021-01-11,2279.5,2301.2,2301.2,2272.2,430.34M,-0.94,Technology
2021-01-12,2269.8,2279.5,2281.0,2248.5,437.28M,-0.43,Technology
2021-01-13,2284.6,2269.8,2291.9,2269.0,508.29M,0.65,Technology
2021-01-14,2263.0,2284.6,2294.7,2261.2,522.50M,-0.95,Technology
2021-01-15,2240.9,2263.0,2271.6,2237.1,514.28M,-0.97,Technology
2021-01-19,2270.3,2240.9,2273.7,2240.9,460.00M,1.31,Technology
2021-01-20,2316.0,2270.3,2323.5,2270.3,430.28M,2.02,Technology
2021-01-21,2346.6,2316.0,2354.1,2316.0,502.81M,1.32,Technology
2021-01-22,2339.1,2346.6,2349.5,2332.2,549.32M,-0.32,Technology
2021-01-25,2359.6,2339.1,2374.8,2301.5,570.23M,0.88,Technology
2021-01-26,2359.8,2359.6,2371.2,2351.4,455.18M,0.01,Technology
2021-01-27,2314.4,2359.8,2359.8,2295.4,718.49M,-1.92,Technology
2021-01-28,2324.9,2314.4,2363.7,2314.4,572.21M,0.45,Technology
2021-01-29,2269.1,2324.9,2324.9,2256.2,641.21M,-2.4,Technology
2021-02-01,2326.1,2269.1,2336.4,2269.1,461.09M,2.51,Technology
2021-02-02,2355.9,2326.1,2362.9,2326.1,391.46M,1.28,Technology
2021-02-03,2348.8,2355.9,2366.0,2341.9,395.35M,-0.3,Technology
2021-02-04,2385.1,2348.8,2385.8,2348.8,447.12M,1.55,Technology
2021-02-05,2379.9,2385.1,2391.4,2373.0,370.44M,-0.22,Technology
2021-02-08,2404.6,2379.9,2404.7,2379.9,399.18M,1.04,Technology
2021-02-09,2400.0,2404.6,2412.0,2396.8,372.32M,-0.19,Technology
2021-02-10,2396.4,2400.0,2413.0,2377.6,414.32M,-0.15,Technology
2021-02-11,2422.5,2396.4,2424.1,2396.4,405.04M,1.09,Technology
2021-02-12,2434.5,2422.5,2436.1,2410.4,338.55M,0.49,Technology
2021-02-16,2427.3,2434.5,2446.7,2420.3,413.21M,-0.3,Technology
2021-02-17,2402.2,2427.3,2427.3,2379.9,386.64M,-1.03,Technology
2021-02-18,2391.4,2402.2,2402.2,2361.1,380.56M,-0.45,Technology
2021-02-19,2387.8,2391.4,2405.7,2377.6,445.06M,-0.15,Technology
2021-02-22,2333.9,2387.8,2387.8,2333.6,475.46M,-2.26,Technology
2021-02-23,2328.1,2333.9,2342.7,2255.8,573.15M,-0.25,Technology
2021-02-24,2363.2,2328.1,2364.9,2293.1,470.77M,1.51,Technology
2021-02-25,2279.8,2363.2,2363.2,2270.6,592.80M,-3.53,Technology
2021-02-26,2293.4,2279.8,2328.1,2273.2,637.74M,0.6,Technology
2021-03-01,2366.3,2294.3,2368.4,2294.3,462.25M,3.18,Technology
2021-03-02,2327.7,2366.3,2372.3,2326.2,409.23M,-1.63,Technology
2021-03-03,2269.8,2327.7,2327.7,2268.6,497.36M,-2.49,Technology
2021-03-04,2218.6,2269.8,2280.0,2193.1,690.89M,-2.26,Technology
2021-03-05,2262.3,2218.6,2268.2,2188.2,656.49M,1.97,Technology
2021-03-08,2206.5,2262.3,2270.0,2204.9,627.87M,-2.46,Technology
2021-03-09,2281.8,2206.5,2295.9,2206.5,555.84M,3.41,Technology
2021-03-10,2272.6,2281.8,2306.4,2270.9,482.76M,-0.4,Technology
2021-03-11,2320.8,2272.6,2335.0,2272.6,498.72M,2.12,Technology
2021-03-12,2304.3,2320.8,2320.8,2278.9,379.00M,-0.71,Technology
2021-03-15,2329.8,2304.3,2330.8,2297.6,395.32M,1.11,Technology
2021-03-16,2348.2,2329.8,2369.6,2329.8,451.30M,0.79,Technology
2021-03-17,2345.6,2348.2,2358.8,2310.6,451.52M,-0.11,Technology
2021-03-18,2278.8,2345.6,2345.6,2277.2,501.07M,-2.85,Technology
2021-03-19,2273.1,2278.8,2289.7,2261.9,911.25M,-0.25,Technology
2021-03-22,2317.0,2273.1,2328.1,2273.1,453.32M,1.93,Technology
2021-03-23,2302.3,2317.0,2333.2,2296.2,449.63M,-0.64,Technology
2021-03-24,2274.5,2302.3,2316.5,2274.2,472.79M,-1.21,Technology
2021-03-25,2272.9,2274.5,2283.0,2244.1,470.04M,-0.07,Technology
2021-03-26,2330.6,2272.9,2333.3,2271.8,478.82M,2.54,Technology
2021-03-29,2318.6,2330.6,2330.8,2301.7,419.54M,-0.51,Technology
2021-03-30,2296.7,2318.6,2318.6,2283.3,367.76M,-0.95,Technology
2021-03-31,2331.1,2296.7,2347.6,2296.7,503.98M,1.5,Technology
2021-04-01,2380.0,2331.1,2380.7,2331.1,437.14M,2.1,Technology
2021-04-05,2428.2,2380.0,2433.1,2380.0,432.35M,2.02,Technology
2021-04-06,2419.0,2428.2,2433.1,2411.8,382.24M,-0.38,Technology
2021-04-07,2432.0,2419.0,2436.0,2409.3,350.77M,0.54,Technology
2021-04-08,2466.6,2432.0,2466.8,2432.0,392.22M,1.42,Technology
2021-04-09,2491.0,2466.6,2491.4,2453.7,379.23M,0.99,Technology
2021-04-12,2478.9,2491.0,2491.0,2466.7,447.09M,-0.48,Technology
2021-04-13,2502.6,2478.9,2503.7,2478.9,403.40M,0.95,Technology
2021-04-14,2473.9,2502.6,2502.7,2470.6,372.85M,-1.15,Technology
2021-04-15,2518.1,2473.9,2519.6,2473.9,429.02M,1.79,Technology
2021-04-16,2517.3,2518.1,2522.4,2507.0,404.69M,-0.03,Technology
2021-04-19,2495.2,2517.3,2517.6,2481.7,407.54M,-0.88,Technology
2021-04-20,2474.3,2495.2,2501.7,2460.9,379.78M,-0.84,Technology
2021-04-21,2499.6,2474.3,2500.1,2463.1,383.52M,1.02,Technology
2021-04-22,2470.1,2499.6,2505.4,2459.1,443.76M,-1.18,Technology
2021-04-23,2505.7,2470.1,2514.7,2470.1,434.98M,1.44,Technology
2021-04-26,2519.9,2505.7,2522.1,2505.7,383.47M,0.56,Technology
2021-04-27,2512.9,2519.9,2526.5,2505.3,393.05M,-0.27,Technology
2021-04-28,2488.7,2512.9,2512.9,2484.4,512.20M,-0.96,Technology
2021-04-29,2488.1,2488.7,2513.2,2462.9,494.45M,-0.03,Technology
2021-04-30,2452.6,2488.1,2488.1,2448.2,481.08M,-1.43,Technology
2021-05-03,2447.3,2452.6,2471.9,2441.0,410.64M,-0.22,Technology
2021-05-04,2401.0,2447.3,2447.3,2376.4,539.13M,-1.89,Technology
2021-05-05,2397.1,2401.0,2425.7,2393.0,362.42M,-0.16,Technology
2021-05-06,2421.4,2397.1,2422.1,2378.8,421.60M,1.01,Technology
2021-05-07,2440.4,2421.4,2454.6,2421.4,386.37M,0.78,Technology
2021-05-10,2378.5,2440.4,2440.4,2378.5,471.24M,-2.53,Technology
2021-05-11,2372.7,2378.5,2378.5,2328.2,519.63M,-0.24,Technology
2021-05-12,2304.8,2372.7,2372.7,2298.8,511.18M,-2.86,Technology
2021-05-13,2336.4,2304.8,2356.0,2304.8,458.10M,1.37,Technology
2021-05-14,2386.0,2336.4,2394.8,2336.4,394.04M,2.12,Technology
2021-05-17,2369.3,2386.0,2386.0,2347.9,380.48M,-0.7,Technology
2021-05-18,2350.0,2369.3,2380.9,2348.9,340.93M,-0.82,Technology
2021-05-19,2357.7,2350.0,2358.8,2310.6,465.22M,0.33,Technology
2021-05-20,2401.8,2357.7,2410.3,2357.7,437.69M,1.87,Technology
2021-05-21,2389.2,2401.8,2416.5,2387.2,389.02M,-0.52,Technology
2021-05-24,2431.2,2389.2,2440.0,2389.2,335.38M,1.76,Technology
2021-05-25,2432.7,2431.2,2446.5,2427.0,380.66M,0.06,Technology
2021-05-26,2432.4,2432.7,2442.2,2424.5,315.65M,-0.01,Technology
2021-05-27,2419.6,2432.4,2439.8,2419.5,541.04M,-0.53,Technology
2021-05-28,2426.9,2419.6,2442.0,2419.6,379.08M,0.3,Technology
2021-06-01,2416.6,2426.9,2441.5,2412.1,358.08M,-0.42,Technology
2021-06-02,2431.7,2416.6,2442.0,2416.6,347.69M,0.62,Technology
2021-06-03,2409.4,2431.7,2431.7,2395.4,367.70M,-0.91,Technology
2021-06-04,2455.6,2409.4,2459.0,2409.4,339.15M,1.92,Technology
2021-06-07,2455.2,2455.6,2458.5,2443.7,323.61M,-0.02,Technology
2021-06-08,2455.8,2455.2,2477.5,2449.2,364.50M,0.02,Technology
2021-06-09,2457.3,2455.8,2471.7,2455.8,304.52M,0.06,Technology
2021-06-10,2475.7,2457.3,2481.4,2454.3,360.04M,0.75,Technology
2021-06-11,2489.5,2475.7,2489.6,2475.7,296.70M,0.56,Technology
2021-06-14,2515.4,2489.5,2515.6,2482.9,364.74M,1.04,Technology
2021-06-15,2499.3,2515.4,2515.4,2495.5,309.05M,-0.64,Technology
2021-06-16,2486.3,2499.3,2509.2,2462.0,399.72M,-0.52,Technology
2021-06-17,2515.4,2486.3,2525.2,2480.4,468.92M,1.17,Technology
2021-06-18,2491.9,2515.4,2515.4,2489.3,681.53M,-0.93,Technology
2021-06-21,2518.4,2491.9,2519.7,2477.4,384.29M,1.07,Technology
2021-06-22,2540.9,2518.4,2542.6,2514.6,347.91M,0.89,Technology
2021-06-23,2538.0,2540.9,2547.3,2533.2,304.82M,-0.11,Technology
2021-06-24,2554.3,2538.0,2562.1,2538.0,326.81M,0.64,Technology
2021-06-25,2550.5,2554.3,2558.5,2547.6,436.21M,-0.15,Technology
2021-06-28,2578.8,2550.5,2581.2,2550.5,317.17M,1.11,Technology
2021-06-29,2597.0,2578.8,2598.2,2573.9,328.53M,0.7,Technology
2021-06-30,2594.5,2597.0,2600.1,2586.5,391.89M,-0.1,Technology
2021-07-01,2597.1,2594.5,2597.6,2581.4,376.36M,0.1,Technology
2021-07-02,2633.3,2597.1,2635.1,2597.1,357.73M,1.39,Technology
2021-07-06,2642.9,2633.3,2654.8,2617.1,413.75M,0.37,Technology
2021-07-07,2655.9,2642.9,2662.7,2636.0,398.41M,0.49,Technology
2021-07-08,2631.4,2655.9,2655.9,2603.2,397.06M,-0.92,Technology
2021-07-09,2656.4,2631.4,2658.1,2625.3,358.01M,0.95,Technology
2021-07-12,2657.5,2656.4,2667.7,2649.6,322.92M,0.04,Technology
2021-07-13,2669.2,2657.5,2688.0,2651.8,361.63M,0.44,Technology
2021-07-14,2688.7,2669.2,2701.6,2669.2,393.91M,0.73,Technology
2021-07-15,2666.1,2688.7,2688.7,2652.1,411.67M,-0.84,Technology
2021-07-16,2640.2,2666.1,2684.1,2637.5,388.43M,-0.97,Technology
2021-07-19,2603.4,2640.2,2640.2,2588.8,483.05M,-1.39,Technology
2021-07-20,2641.8,2603.4,2656.7,2601.8,419.06M,1.47,Technology
2021-07-21,2667.8,2641.8,2667.8,2637.5,389.45M,0.98,Technology
2021-07-22,2686.8,2667.8,2689.2,2667.8,396.06M,0.71,Technology
2021-07-23,2713.4,2686.8,2714.7,2686.8,374.20M,0.99,Technology
2021-07-26,2712.8,2713.4,2717.1,2696.9,318.82M,-0.02,Technology
2021-07-27,2685.5,2712.8,2712.8,2652.9,469.56M,-1.01,Technology
2021-07-28,2683.0,2685.5,2697.0,2658.3,519.36M,-0.1,Technology
2021-07-29,2695.8,2683.0,2704.9,2681.7,476.04M,0.48,Technology
2021-07-30,2693.6,2695.8,2696.8,2679.4,440.59M,-0.08,Technology
2021-08-02,2683.6,2693.6,2710.4,2681.1,451.86M,-0.37,Technology
2021-08-03,2702.0,2683.6,2703.1,2668.0,516.05M,0.69,Technology
2021-08-04,2707.3,2702.0,2713.7,2691.2,559.24M,0.19,Technology
2021-08-05,2721.9,2707.3,2722.5,2704.2,412.09M,0.54,Technology
2021-08-06,2718.6,2721.9,2721.9,2710.9,413.07M,-0.12,Technology
2021-08-09,2709.2,2718.6,2727.0,2707.1,348.29M,-0.35,Technology
2021-08-10,2689.5,2709.2,2717.3,2682.5,425.18M,-0.73,Technology
2021-08-11,2690.2,2689.5,2704.1,2676.6,382.91M,0.03,Technology
2021-08-12,2705.9,2690.2,2707.2,2676.8,417.31M,0.58,Technology
2021-08-13,2720.6,2705.9,2720.8,2705.2,372.40M,0.54,Technology
2021-08-16,2732.6,2720.6,2732.9,2691.4,396.44M,0.44,Technology
2021-08-17,2708.8,2732.6,2732.6,2693.3,409.68M,-0.87,Technology
2021-08-18,2671.1,2708.8,2714.6,2668.4,409.28M,-1.39,Technology
2021-08-19,2697.5,2671.1,2707.4,2654.1,517.94M,0.99,Technology
2021-08-20,2732.6,2697.5,2734.5,2697.5,438.13M,1.3,Technology
2021-08-23,2767.4,2732.6,2771.5,2732.6,440.98M,1.27,Technology
2021-08-24,2763.9,2767.4,2774.0,2762.1,358.13M,-0.13,Technology
2021-08-25,2762.4,2763.9,2778.1,2758.3,439.45M,-0.05,Technology
2021-08-26,2745.2,2762.4,2764.4,2743.3,363.10M,-0.62,Technology
2021-08-27,2771.7,2745.2,2773.8,2743.5,371.35M,0.97,Technology
2021-08-30,2801.9,2771.7,2804.7,2771.7,363.95M,1.09,Technology
2021-08-31,2786.1,2801.9,2803.6,2782.2,431.19M,-0.56,Technology
2021-09-01,2786.8,2786.1,2808.3,2785.3,368.63M,0.03,Technology
2021-09-02,2785.4,2786.8,2801.3,2773.4,348.57M,-0.05,Technology
2021-09-03,2796.1,2785.4,2803.0,2782.8,317.75M,0.38,Technology
2021-09-07,2796.9,2796.1,2802.4,2783.1,341.25M,0.03,Technology
2021-09-08,2785.5,2796.9,2796.9,2765.9,381.11M,-0.41,Technology
2021-09-09,2773.7,2785.5,2796.7,2772.6,322.68M,-0.42,Technology
2021-09-10,2746.4,2773.7,2797.2,2744.6,418.94M,-0.99,Technology
2021-09-13,2747.4,2746.4,2775.1,2730.3,407.03M,0.03,Technology
2021-09-14,2743.6,2747.4,2765.1,2737.5,404.38M,-0.14,Technology
2021-09-15,2767.9,2743.6,2770.8,2738.9,408.57M,0.89,Technology
2021-09-16,2769.7,2767.9,2772.9,2742.0,339.48M,0.06,Technology
2021-09-17,2727.7,2769.7,2769.7,2723.3,680.60M,-1.52,Technology
2021-09-20,2676.9,2727.7,2727.7,2641.6,513.23M,-1.86,Technology
2021-09-21,2677.8,2676.9,2699.7,2667.9,354.39M,0.03,Technology
2021-09-22,2715.2,2677.8,2724.9,2677.8,356.59M,1.4,Technology
2021-09-23,2751.8,2715.2,2757.6,2715.2,341.71M,1.35,Technology
2021-09-24,2753.6,2751.8,2757.7,2733.8,279.95M,0.07,Technology
2021-09-27,2725.9,2753.6,2753.6,2709.8,364.71M,-1.01,Technology
2021-09-28,2644.5,2725.9,2725.9,2643.4,515.20M,-2.98,Technology
2021-09-29,2641.8,2644.5,2669.7,2637.8,404.39M,-0.1,Technology
2021-09-30,2623.8,2641.8,2668.8,2623.8,438.05M,-0.68,Technology
2021-10-01,2661.5,2623.8,2668.3,2606.7,398.11M,1.44,Technology
2021-10-04,2598.6,2661.5,2661.5,2580.3,455.02M,-2.36,Technology
2021-10-05,2636.5,2598.6,2652.5,2598.6,362.76M,1.46,Technology
2021-10-06,2654.6,2636.5,2656.8,2599.1,394.32M,0.69,Technology
2021-10-07,2678.9,2654.6,2699.7,2654.6,335.58M,0.91,Technology
2021-10-08,2668.5,2678.9,2691.2,2664.7,283.95M,-0.39,Technology
2021-10-11,2654.4,2668.5,2689.7,2653.4,291.25M,-0.53,Technology
2021-10-12,2640.9,2654.4,2667.5,2636.3,382.97M,-0.51,Technology
2021-10-13,2655.8,2640.9,2661.7,2634.9,385.28M,0.57,Technology
2021-10-14,2716.4,2655.8,2717.6,2655.8,377.25M,2.28,Technology
2021-10-15,2737.9,2716.4,2738.5,2716.4,354.57M,0.79,Technology
2021-10-18,2761.2,2737.9,2762.8,2715.9,353.27M,0.85,Technology
2021-10-19,2788.0,2761.2,2788.9,2761.2,332.25M,0.97,Technology
2021-10-20,2780.0,2788.0,2794.8,2769.1,333.22M,-0.29,Technology
2021-10-21,2791.3,2780.0,2793.3,2767.2,391.53M,0.41,Technology
2021-10-22,2782.0,2791.3,2802.3,2770.9,447.06M,-0.33,Technology
2021-10-25,2791.3,2782.0,2801.3,2780.9,361.24M,0.33,Technology
2021-10-26,2800.3,2791.3,2822.0,2791.3,475.96M,0.32,Technology
2021-10-27,2795.0,2800.3,2818.1,2794.7,558.14M,-0.19,Technology
2021-10-28,2824.6,2795.0,2826.9,2795.0,475.91M,1.06,Technology
2021-10-29,2836.9,2824.6,2838.2,2794.6,496.89M,0.43,Technology
2021-11-01,2834.7,2836.9,2838.1,2818.6,411.56M,-0.08,Technology
2021-11-02,2857.8,2834.7,2864.4,2834.7,435.28M,0.82,Technology
2021-11-03,2874.9,2857.8,2879.8,2845.9,394.98M,0.6,Technology
2021-11-04,2919.1,2873.6,2925.9,2873.6,632.91M,1.54,Technology
2021-11-05,2931.7,2919.1,2949.1,2914.9,525.08M,0.43,Technology
2021-11-08,2948.6,2931.7,2953.5,2931.7,522.28M,0.58,Technology
2021-11-09,2935.9,2948.6,2956.1,2921.5,510.33M,-0.43,Technology
2021-11-10,2886.7,2935.9,2935.9,2879.1,488.65M,-1.68,Technology
2021-11-11,2901.9,2886.7,2909.7,2886.7,364.84M,0.53,Technology
2021-11-12,2936.4,2901.9,2941.0,2901.9,430.60M,1.19,Technology
2021-11-15,2933.0,2936.4,2952.3,2917.1,395.08M,-0.11,Technology
2021-11-16,2964.5,2933.0,2968.5,2928.2,408.90M,1.07,Technology
2021-11-17,2952.8,2964.5,2972.7,2945.2,496.27M,-0.39,Technology
2021-11-18,2983.0,2952.8,2987.6,2950.1,621.83M,1.02,Technology
2021-11-19,3005.8,2983.0,3016.5,2983.0,558.66M,0.77,Technology
2021-11-22,2971.4,3005.8,3056.9,2970.6,635.66M,-1.14,Technology
2021-11-23,2965.3,2971.4,2974.1,2927.6,564.50M,-0.21,Technology
2021-11-24,2986.3,2965.3,2986.9,2933.1,476.55M,0.71,Technology
2021-11-25,2986.3,2965.3,2986.9,2933.1,,0.0,Technology
2021-11-26,2908.6,2986.3,2986.3,2900.2,368.07M,-2.6,Technology
2021-11-29,2985.4,2908.6,2992.3,2908.6,519.99M,2.64,Technology
2021-11-30,2956.9,2985.4,3000.0,2934.9,841.51M,-0.96,Technology
2021-12-01,2919.7,2956.9,3013.3,2917.7,688.84M,-1.26,Technology
2021-12-02,2944.3,2919.7,2959.1,2886.1,599.76M,0.84,Technology
2021-12-03,2895.7,2944.3,2963.1,2861.0,602.71M,-1.65,Technology
2021-12-06,2923.9,2895.7,2932.7,2876.1,555.71M,0.97,Technology
2021-12-07,3026.4,2923.9,3029.7,2923.9,620.70M,3.51,Technology
2021-12-08,3039.9,3026.4,3041.8,3007.5,476.49M,0.45,Technology
2021-12-09,3006.6,3039.9,3052.0,3004.2,463.09M,-1.09,Technology
2021-12-10,3068.9,3006.6,3071.0,3006.6,499.82M,2.07,Technology
2021-12-13,3019.1,3068.9,3079.5,3017.4,549.32M,-1.62,Technology
2021-12-14,2969.6,3019.1,3019.1,2936.2,568.64M,-1.64,Technology
2021-12-15,3051.3,2969.6,3054.2,2947.8,590.48M,2.75,Technology
2021-12-16,2963.9,3051.3,3065.7,2947.3,635.71M,-2.86,Technology
2021-12-17,2944.9,2963.9,2972.6,2916.5,972.23M,-0.64,Technology
2021-12-20,2908.7,2944.9,2944.9,2888.7,477.20M,-1.23,Technology
2021-12-21,2984.4,2908.7,2987.1,2908.7,514.14M,2.6,Technology
2021-12-22,3024.1,2984.4,3025.6,2972.6,395.34M,1.33,Technology
2021-12-23,3041.1,3024.1,3052.5,3024.1,368.32M,0.56,Technology
2021-12-27,3107.5,3041.1,3107.6,3041.1,361.66M,2.18,Technology
2021-12-28,3089.1,3107.5,3113.2,3082.4,349.21M,-0.59,Technology
2021-12-29,3091.4,3089.1,3103.6,3075.4,329.01M,0.07,Technology
2021-12-30,3070.4,3091.4,3104.2,3067.6,296.19M,-0.68,Technology
2021-12-31,3055.4,3070.4,3075.8,3054.9,294.59M,-0.49,Technology
2022-01-03,3086.8,3055.4,3089.2,3048.9,452.34M,1.02,Technology
2022-01-04,3051.5,3086.8,3094.4,3028.1,560.25M,-1.14,Technology
2022-01-05,2956.0,3051.5,3051.5,2955.4,599.64M,-3.13,Technology
2022-01-06,2941.7,2956.0,2971.9,2923.2,525.02M,-0.48,Technology
2022-01-07,2912.0,2941.7,2954.7,2895.0,472.50M,-1.01,Technology
2022-01-10,2915.0,2912.0,2918.4,2831.4,616.96M,0.1,Technology
2022-01-11,2950.3,2915.0,2953.9,2886.4,488.65M,1.21,Technology
2022-01-12,2963.1,2950.3,2992.6,2949.6,430.72M,0.44,Technology
2022-01-13,2884.6,2963.1,2987.9,2878.3,511.40M,-2.65,Technology
2022-01-14,2910.2,2884.6,2911.9,2867.8,480.35M,0.89,Technology
2022-01-18,2837.8,2910.2,2910.2,2832.6,521.18M,-2.49,Technology
2022-01-19,2798.9,2837.8,2884.8,2796.5,528.41M,-1.37,Technology
2022-01-20,2761.6,2798.9,2855.8,2759.0,536.87M,-1.33,Technology
2022-01-21,2708.3,2761.6,2787.4,2708.2,706.18M,-1.93,Technology
2022-01-24,2717.3,2708.3,2721.6,2563.2,912.16M,0.33,Technology
2022-01-25,2653.8,2717.3,2717.3,2627.3,683.78M,-2.34,Technology
2022-01-26,2673.0,2653.8,2760.6,2643.7,756.76M,0.72,Technology
2022-01-27,2654.5,2673.0,2731.1,2645.3,788.17M,-0.69,Technology
2022-01-28,2769.6,2654.5,2769.7,2646.9,765.32M,4.33,Technology
2022-01-31,2843.9,2769.6,2844.5,2759.2,687.49M,2.68,Technology
2022-02-01,2850.7,2843.9,2853.2,2807.1,587.47M,0.24,Technology
2022-02-02,2873.9,2850.7,2877.1,2835.7,782.62M,0.81,Technology
2022-02-03,2785.8,2873.9,2873.9,2780.4,641.70M,-3.07,Technology
2022-02-04,2798.9,2785.8,2823.0,2760.8,543.97M,0.47,Technology
2022-02-07,2780.6,2798.9,2818.1,2770.7,465.70M,-0.66,Technology
2022-02-08,2816.0,2780.6,2823.4,2765.5,496.31M,1.28,Technology
2022-02-09,2881.0,2816.0,2881.0,2816.0,558.78M,2.31,Technology
2022-02-10,2801.7,2881.0,2881.0,2790.2,617.68M,-2.75,Technology
2022-02-11,2717.5,2801.7,2819.6,2706.3,700.25M,-3.01,Technology
2022-02-14,2716.6,2717.5,2738.5,2684.8,570.28M,-0.03,Technology
2022-02-15,2790.9,2716.6,2792.1,2716.6,589.43M,2.74,Technology
2022-02-16,2786.1,2790.9,2795.9,2740.5,544.97M,-0.17,Technology
2022-02-17,2700.7,2786.1,2786.1,2696.0,579.50M,-3.06,Technology
2022-02-18,2670.9,2700.7,2715.0,2651.7,656.19M,-1.1,Technology
2022-02-22,2647.4,2670.9,2689.3,2618.4,668.77M,-0.88,Technology
2022-02-23,2579.6,2647.4,2682.6,2577.7,594.58M,-2.56,Technology
2022-02-24,2669.0,2579.6,2671.1,2483.2,839.14M,3.47,Technology
2022-02-25,2705.5,2669.0,2706.3,2641.3,598.77M,1.37,Technology
2022-02-28,2701.1,2705.5,2712.7,2655.5,644.47M,-0.16,Technology
2022-03-01,2647.3,2701.1,2704.8,2626.6,618.85M,-1.99,Technology
2022-03-02,2705.2,2647.3,2715.7,2646.2,594.70M,2.19,Technology
2022-03-03,2671.6,2705.2,2726.2,2659.1,546.44M,-1.24,Technology
2022-03-04,2624.0,2671.6,2671.6,2603.7,555.64M,-1.78,Technology
2022-03-07,2526.9,2624.0,2633.1,2525.5,624.23M,-3.7,Technology
2022-03-08,2516.1,2526.9,2593.4,2478.6,733.12M,-0.43,Technology
2022-03-09,2616.3,2516.1,2627.5,2516.1,572.34M,3.98,Technology
2022-03-10,2570.4,2616.3,2616.3,2530.8,544.82M,-1.76,Technology
2022-03-11,2524.1,2570.4,2594.7,2521.1,509.47M,-1.8,Technology
2022-03-14,2476.2,2524.1,2540.0,2469.8,575.27M,-1.9,Technology
2022-03-15,2561.1,2476.2,2566.5,2476.2,590.75M,3.43,Technology
2022-03-16,2646.2,2561.1,2646.8,2554.0,675.53M,3.32,Technology
2022-03-17,2664.4,2646.2,2664.4,2617.8,535.62M,0.69,Technology
2022-03-18,2722.7,2664.4,2727.0,2644.2,921.36M,2.19,Technology
2022-03-21,2717.9,2722.7,2732.1,2681.6,573.75M,-0.18,Technology
2022-03-22,2756.6,2717.9,2771.3,2716.5,526.71M,1.42,Technology
2022-03-23,2715.1,2756.6,2757.5,2712.8,526.01M,-1.5,Technology
2022-03-24,2788.6,2715.1,2788.9,2715.1,589.76M,2.71,Technology
2022-03-25,2786.1,2788.6,2796.3,2752.0,483.01M,-0.09,Technology
2022-03-28,2820.4,2786.1,2820.5,2766.8,486.58M,1.23,Technology
2022-03-29,2878.5,2820.4,2881.4,2820.4,542.14M,2.06,Technology
2022-03-30,2839.3,2878.5,2878.5,2825.1,548.01M,-1.36,Technology
2022-03-31,2794.1,2839.3,2845.1,2794.1,667.70M,-1.59,Technology
2022-04-01,2789.4,2794.1,2806.2,2757.2,556.60M,-0.17,Technology
2022-04-04,2842.8,2790.5,2843.3,2790.5,481.44M,1.91,Technology
2022-04-05,2780.5,2842.8,2842.8,2772.7,476.45M,-2.19,Technology
2022-04-06,2709.7,2780.5,2780.5,2689.9,604.23M,-2.55,Technology
2022-04-07,2716.0,2709.7,2735.3,2679.3,585.01M,0.23,Technology
2022-04-08,2677.0,2716.0,2716.0,2672.4,490.04M,-1.43,Technology
2022-04-11,2607.3,2677.0,2677.0,2604.9,496.96M,-2.6,Technology
2022-04-12,2598.1,2607.3,2660.5,2587.3,508.59M,-0.35,Technology
2022-04-13,2639.4,2598.1,2647.9,2590.1,459.37M,1.59,Technology
2022-04-14,2574.9,2639.4,2647.9,2572.9,478.95M,-2.45,Technology
2022-04-18,2583.1,2574.9,2599.2,2561.3,435.53M,0.32,Technology
2022-04-19,2630.6,2583.1,2635.7,2567.1,442.35M,1.84,Technology
2022-04-20,2627.2,2630.6,2663.3,2619.5,457.92M,-0.13,Technology
2022-04-21,2581.8,2627.2,2678.1,2574.2,514.36M,-1.73,Technology
2022-04-22,2509.6,2581.8,2594.3,2506.2,506.31M,-2.79,Technology
2022-04-25,2545.8,2509.6,2548.4,2482.7,564.38M,1.44,Technology
2022-04-27,2484.6,2451.3,2533.0,2451.3,608.16M,-2.4,Technology
2022-04-28,2584.9,2484.6,2600.8,2484.6,644.99M,4.04,Technology
2022-04-29,2478.0,2584.9,2588.8,2473.6,632.97M,-4.14,Technology
2022-05-02,2516.7,2478.0,2518.8,2447.1,612.17M,1.56,Technology
2022-05-03,2521.2,2516.7,2535.8,2497.4,549.46M,0.18,Technology
2022-05-04,2609.8,2521.2,2614.5,2489.0,747.80M,3.51,Technology
2022-05-05,2481.2,2609.8,2609.8,2452.7,728.25M,-4.93,Technology
2022-05-06,2461.5,2481.2,2501.9,2424.6,647.91M,-0.79,Technology
2022-05-09,2364.6,2461.5,2461.5,2354.7,734.29M,-3.94,Technology
2022-05-10,2401.9,2364.6,2435.8,2364.6,693.70M,1.58,Technology
2022-05-11,2322.6,2401.9,2424.4,2316.2,683.16M,-3.3,Technology
2022-05-12,2296.2,2322.6,2330.8,2243.0,772.86M,-1.14,Technology
2022-05-13,2375.3,2296.2,2386.8,2296.2,620.83M,3.44,Technology
2022-05-16,2353.7,2375.3,2385.0,2334.0,523.30M,-0.91,Technology
2022-05-17,2422.2,2353.7,2425.6,2353.7,580.85M,2.91,Technology
2022-05-18,2307.4,2422.2,2422.2,2300.7,648.70M,-4.74,Technology
2022-05-19,2282.6,2307.4,2322.3,2273.1,740.64M,-1.07,Technology
2022-05-20,2285.8,2282.6,2319.8,2215.2,767.12M,0.14,Technology
2022-05-23,2339.9,2285.8,2343.1,2285.8,593.25M,2.37,Technology
2022-05-24,2303.2,2339.9,2339.9,2263.9,579.97M,-1.57,Technology
2022-05-25,2331.1,2303.2,2348.6,2288.0,561.74M,1.21,Technology
2022-05-26,2388.1,2331.1,2397.9,2310.1,614.59M,2.45,Technology
2022-05-27,2470.3,2388.1,2470.5,2388.1,557.54M,3.44,Technology
2022-05-31,2452.9,2470.3,2477.0,2428.4,777.79M,-0.7,Technology
2022-06-01,2444.8,2452.9,2495.5,2426.7,521.72M,-0.33,Technology
2022-06-02,2504.4,2444.8,2504.7,2417.9,559.13M,2.44,Technology
2022-06-03,2442.4,2504.4,2504.4,2431.2,515.46M,-2.48,Technology
2022-06-06,2443.4,2442.4,2489.0,2430.9,420.89M,0.04,Technology
2022-06-07,2473.1,2443.4,2477.3,2412.0,394.88M,1.22,Technology
2022-06-08,2445.6,2473.1,2478.1,2438.7,440.17M,-1.11,Technology
2022-06-09,2379.0,2445.6,2450.4,2378.5,462.28M,-2.72,Technology
2022-06-10,2286.4,2379.0,2379.0,2286.1,555.42M,-3.89,Technology
2022-06-13,2184.3,2286.4,2286.4,2176.8,685.90M,-4.47,Technology
2022-06-14,2197.9,2184.3,2213.1,2177.8,531.17M,0.62,Technology
2022-06-15,2245.6,2197.9,2278.2,2196.6,559.27M,2.17,Technology
2022-06-16,2153.2,2245.6,2245.6,2136.3,644.35M,-4.11,Technology
2022-06-17,2174.4,2153.2,2194.3,2139.4,864.78M,0.99,Technology
2022-06-21,2229.6,2174.4,2244.9,2174.4,530.62M,2.54,Technology
2022-06-22,2220.4,2229.6,2250.4,2200.4,484.26M,-0.41,Technology
2022-06-23,2252.3,2220.4,2257.0,2218.1,507.98M,1.44,Technology
2022-06-24,2332.8,2252.3,2334.1,2252.3,637.87M,3.57,Technology
2022-06-27,2318.0,2332.8,2348.1,2308.3,445.90M,-0.63,Technology
2022-06-28,2248.3,2318.0,2342.9,2247.4,507.32M,-3.01,Technology
2022-06-29,2252.9,2248.3,2266.1,2228.3,458.02M,0.2,Technology
2022-06-30,2223.0,2252.9,2252.9,2188.2,609.44M,-1.33,Technology
2022-07-01,2228.5,2223.0,2230.2,2190.7,540.03M,0.25,Technology
2022-07-05,2256.1,2228.5,2256.8,2186.1,549.03M,1.24,Technology
2022-07-06,2276.1,2256.1,2294.1,2250.6,465.55M,0.88,Technology
2022-07-07,2323.1,2276.1,2328.1,2276.1,472.00M,2.06,Technology
2022-07-08,2324.8,2323.1,2331.6,2292.0,408.53M,0.07,Technology
2022-07-11,2291.7,2324.8,2324.8,2276.4,402.29M,-1.42,Technology
2022-07-12,2261.1,2291.7,2313.8,2248.6,481.02M,-1.34,Technology
2022-07-13,2256.1,2261.1,2269.3,2210.8,448.19M,-0.22,Technology
2022-07-14,2277.0,2256.1,2284.5,2209.3,468.35M,0.93,Technology
2022-07-15,2317.0,2277.0,2317.4,2277.0,480.25M,1.76,Technology
2022-07-18,2293.2,2319.8,2347.3,2285.8,481.60M,-1.03,Technology
2022-07-19,2363.8,2293.2,2365.7,2293.2,562.27M,3.08,Technology
2022-07-20,2400.6,2363.8,2410.2,2358.5,503.69M,1.56,Technology
2022-07-21,2434.4,2400.6,2434.6,2378.8,467.56M,1.41,Technology
2022-07-22,2400.8,2434.4,2442.2,2387.1,465.76M,-1.38,Technology
2022-07-25,2386.0,2400.8,2400.8,2368.9,407.41M,-0.61,Technology
2022-07-26,2348.3,2386.0,2386.0,2338.9,444.74M,-1.58,Technology
2022-07-27,2449.1,2348.3,2459.3,2348.3,593.24M,4.29,Technology
2022-07-28,2484.2,2449.1,2490.2,2428.9,518.41M,1.43,Technology
2022-07-29,2522.6,2484.2,2529.6,2482.6,618.00M,1.55,Technology
2022-08-01,2517.5,2522.6,2543.1,2495.5,488.44M,-0.2,Technology
2022-08-02,2500.0,2517.5,2528.5,2479.2,500.86M,-0.69,Technology
2022-08-03,2567.3,2500.0,2573.9,2500.0,604.61M,2.69,Technology
2022-08-04,2577.9,2567.3,2578.9,2549.4,523.68M,0.42,Technology
2022-08-05,2571.8,2577.9,2578.0,2536.9,454.33M,-0.24,Technology
2022-08-08,2549.2,2571.8,2588.8,2535.8,501.59M,-0.88,Technology
2022-08-09,2523.6,2549.2,2549.2,2510.7,519.82M,-1.0,Technology
2022-08-10,2593.6,2523.6,2594.6,2523.6,496.58M,2.77,Technology
2022-08-11,2581.1,2593.6,2624.0,2578.1,437.90M,-0.48,Technology
2022-08-12,2634.6,2581.1,2634.6,2581.1,443.18M,2.07,Technology
2022-08-15,2651.1,2634.6,2654.4,2623.6,364.31M,0.63,Technology
2022-08-16,2643.5,2651.1,2656.2,2619.4,380.54M,-0.29,Technology
2022-08-17,2624.9,2643.5,2644.6,2605.9,442.58M,-0.7,Technology
2022-08-18,2637.8,2624.9,2648.1,2617.2,440.19M,0.49,Technology
2022-08-19,2589.6,2637.8,2637.8,2584.4,438.22M,-1.83,Technology
2022-08-22,2517.5,2589.6,2589.6,2512.0,440.98M,-2.78,Technology
2022-08-23,2511.2,2517.5,2537.8,2508.0,355.85M,-0.25,Technology
2022-08-24,2512.2,2511.2,2523.1,2499.3,375.07M,0.04,Technology
2022-08-25,2554.3,2512.2,2555.1,2512.2,440.19M,1.68,Technology
2022-08-26,2444.9,2554.3,2559.8,2444.9,526.16M,-4.28,Technology
2022-08-29,2413.7,2444.9,2444.9,2404.6,428.40M,-1.28,Technology
2022-08-30,2387.7,2413.7,2430.4,2367.4,471.13M,-1.08,Technology
2022-08-31,2364.7,2387.7,2409.9,2364.3,562.77M,-0.96,Technology
2022-09-01,2353.4,2364.7,2364.7,2304.8,598.75M,-0.48,Technology
2022-09-02,2323.1,2353.4,2391.5,2311.3,506.01M,-1.29,Technology
2022-09-06,2307.3,2323.1,2336.1,2293.4,475.55M,-0.68,Technology
2022-09-07,2344.0,2307.3,2353.8,2305.2,476.20M,1.59,Technology
2022-09-09,2398.4,2352.0,2404.1,2352.0,453.73M,2.32,Technology
2022-09-12,2437.6,2398.4,2439.1,2398.4,495.70M,1.63,Technology
2022-09-13,2307.3,2437.6,2437.6,2301.6,677.88M,-5.35,Technology
2022-09-14,2317.4,2307.3,2332.9,2294.4,546.36M,0.44,Technology
2022-09-15,2262.4,2317.4,2317.4,2249.8,570.84M,-2.37,Technology
2022-09-16,2251.6,2262.4,2262.4,2218.4,868.53M,-0.48,Technology
2022-09-19,2270.1,2251.6,2271.7,2228.7,476.84M,0.82,Technology
2022-09-20,2258.6,2270.1,2272.8,2239.1,487.00M,-0.51,Technology
2022-09-21,2222.4,2258.6,2301.4,2222.1,579.56M,-1.6,Technology
2022-09-22,2200.5,2222.4,2223.8,2187.4,581.52M,-0.98,Technology
2022-09-23,2170.8,2200.5,2200.5,2143.1,598.36M,-1.35,Technology
2022-09-26,2156.3,2170.8,2201.2,2150.7,552.91M,-0.67,Technology
2022-09-27,2161.0,2156.3,2205.5,2140.4,531.44M,0.22,Technology
2022-09-28,2180.9,2161.0,2191.4,2127.0,591.92M,0.92,Technology
2022-09-29,2121.1,2180.9,2180.9,2097.2,623.21M,-2.74,Technology
2022-09-30,2079.9,2121.1,2144.3,2079.4,624.05M,-1.94,Technology
2022-10-03,2145.3,2079.9,2157.4,2079.9,593.36M,3.15,Technology
2022-10-04,2216.1,2145.3,2218.0,2145.3,568.23M,3.3,Technology
2022-10-05,2224.1,2216.1,2238.8,2173.8,492.18M,0.36,Technology
2022-10-06,2205.1,2224.1,2240.7,2202.9,504.61M,-0.85,Technology
2022-10-07,2113.9,2205.1,2205.1,2103.5,666.73M,-4.14,Technology
2022-10-10,2081.0,2113.9,2117.0,2060.1,571.30M,-1.56,Technology
2022-10-11,2049.4,2081.0,2083.0,2034.1,625.08M,-1.52,Technology
2022-10-12,2042.4,2049.4,2063.0,2039.8,489.86M,-0.34,Technology
2022-10-13,2106.0,2042.4,2116.4,1980.5,755.10M,3.12,Technology
2022-10-14,2045.6,2106.0,2127.1,2043.3,585.52M,-2.87,Technology
2022-10-17,2108.8,2045.6,2118.5,2045.6,566.39M,3.09,Technology
2022-10-18,2126.3,2108.8,2169.6,2099.9,584.92M,0.83,Technology
2022-10-19,2120.8,2126.3,2141.4,2099.7,441.05M,-0.26,Technology
2022-10-20,2122.2,2120.8,2167.1,2111.4,512.12M,0.07,Technology
2022-10-21,2178.4,2122.2,2183.0,2110.9,614.74M,2.65,Technology
2022-10-24,2208.4,2178.4,2216.8,2161.1,511.63M,1.38,Technology
2022-10-25,2251.1,2208.4,2252.6,2208.4,549.60M,1.93,Technology
2022-10-26,2200.8,2251.1,2251.1,2192.6,643.46M,-2.23,Technology
2022-10-27,2173.3,2200.8,2221.1,2169.5,613.45M,-1.25,Technology
2022-10-28,2271.6,2173.3,2276.2,2173.3,684.39M,4.52,Technology
2022-10-31,2241.1,2271.6,2271.6,2228.1,568.51M,-1.34,Technology
2022-11-01,2221.8,2241.1,2272.0,2211.9,495.87M,-0.86,Technology
2022-11-02,2144.6,2221.8,2246.7,2144.1,666.27M,-3.47,Technology
2022-11-03,2080.4,2144.6,2144.6,2079.1,626.80M,-3.0,Technology
2022-11-04,2115.2,2080.4,2126.2,2066.7,710.04M,1.67,Technology
2022-11-07,2149.9,2115.3,2153.4,2103.6,510.88M,1.64,Technology
2022-11-08,2169.6,2149.9,2195.9,2138.6,548.12M,0.92,Technology
2022-11-09,2112.1,2169.6,2169.6,2109.6,483.59M,-2.65,Technology
2022-11-10,2287.9,2137.6,2289.1,2137.6,743.85M,8.33,Technology
2022-11-11,2327.4,2287.9,2333.5,2272.8,642.29M,1.72,Technology
2022-11-14,2304.9,2327.4,2334.9,2295.2,544.24M,-0.97,Technology
2022-11-15,2333.4,2304.9,2368.9,2304.9,576.58M,1.24,Technology
2022-11-16,2299.7,2333.4,2333.4,2291.7,532.48M,-1.45,Technology
2022-11-17,2304.6,2299.7,2315.5,2264.8,529.32M,0.21,Technology
2022-11-18,2307.6,2304.6,2330.3,2289.2,486.25M,0.13,Technology
2022-11-21,2281.5,2307.6,2307.6,2277.7,427.74M,-1.13,Technology
2022-11-22,2325.5,2281.5,2327.2,2275.6,426.49M,1.93,Technology
2022-11-23,2345.9,2325.5,2353.3,2319.3,406.32M,0.87,Technology
2022-11-25,2330.2,2345.9,2345.9,2324.5,188.40M,-0.67,Technology
2022-11-28,2280.5,2330.2,2330.2,2272.1,411.73M,-2.13,Technology
2022-11-29,2258.3,2280.5,2284.6,2249.3,397.99M,-0.98,Technology
2022-11-30,2372.0,2258.3,2372.0,2255.5,797.19M,5.03,Technology
2022-12-01,2373.7,2372.0,2384.7,2345.1,509.62M,0.07,Technology
2022-12-02,2360.6,2373.7,2373.7,2325.7,432.11M,-0.55,Technology
2022-12-05,2321.5,2360.6,2360.6,2307.1,423.43M,-1.66,Technology
2022-12-06,2271.9,2321.5,2322.8,2257.2,432.24M,-2.14,Technology
2022-12-07,2260.2,2271.9,2276.8,2244.3,421.18M,-0.51,Technology
2022-12-08,2296.2,2260.2,2302.6,2258.9,425.17M,1.59,Technology
2022-12-09,2281.8,2296.2,2314.8,2274.4,426.50M,-0.63,Technology
2022-12-12,2331.4,2281.7,2331.6,2281.7,472.91M,2.17,Technology
2022-12-13,2358.0,2331.4,2427.8,2331.4,628.47M,1.14,Technology
2022-12-14,2337.8,2358.0,2383.1,2312.3,506.57M,-0.86,Technology
2022-12-15,2249.5,2337.8,2337.8,2241.9,575.65M,-3.78,Technology
2022-12-16,2220.9,2249.5,2254.8,2208.9,943.20M,-1.27,Technology
2022-12-19,2189.5,2220.9,2223.1,2175.3,454.46M,-1.42,Technology
2022-12-20,2192.9,2189.5,2203.9,2167.5,425.11M,0.16,Technology
2022-12-21,2229.7,2192.9,2239.5,2192.9,419.31M,1.68,Technology
2022-12-22,2173.0,2229.7,2229.7,2136.9,556.73M,-2.54,Technology
2022-12-23,2175.5,2173.0,2177.4,2142.3,327.81M,0.12,Technology
2022-12-27,2154.4,2175.5,2175.5,2142.3,351.83M,-0.97,Technology
2022-12-28,2119.0,2154.4,2168.6,2117.2,345.84M,-1.64,Technology
2022-12-29,2174.9,2119.0,2181.6,2119.0,368.69M,2.64,Technology
2022-12-30,2172.2,2174.9,2174.9,2139.4,343.91M,-0.13,Technology
2023-01-03,2150.3,2172.2,2209.3,2135.6,480.56M,-1.01,Technology
2023-01-04,2155.8,2150.3,2169.9,2131.9,514.10M,0.26,Technology
2023-01-05,2113.6,2155.8,2155.8,2110.4,462.51M,-1.96,Technology
2023-01-06,2176.9,2113.6,2185.9,2108.9,520.60M,2.99,Technology
2023-01-09,2200.6,2176.9,2241.4,2176.9,499.69M,1.09,Technology
2023-01-10,2214.1,2200.6,2217.4,2184.1,390.40M,0.61,Technology
2023-01-11,2253.0,2214.1,2253.1,2214.1,417.29M,1.75,Technology
2023-01-12,2269.3,2253.0,2279.6,2229.6,475.65M,0.72,Technology
2023-01-13,2277.0,2269.3,2279.2,2242.8,390.16M,0.34,Technology
2023-01-17,2286.9,2277.0,2300.2,2270.8,443.84M,0.44,Technology
2023-01-18,2257.6,2286.9,2312.4,2256.2,448.03M,-1.28,Technology
2023-01-19,2231.8,2257.6,2257.6,2223.5,435.81M,-1.14,Technology
2023-01-20,2292.5,2231.8,2293.0,2231.8,495.21M,2.72,Technology
2023-01-23,2344.8,2292.5,2357.5,2292.5,556.92M,2.28,Technology
2023-01-24,2343.9,2344.8,2351.1,2326.7,419.59M,-0.04,Technology
2023-01-25,2337.7,2343.9,2344.2,2282.8,460.18M,-0.26,Technology
2023-01-26,2375.4,2337.7,2376.5,2337.6,474.90M,1.61,Technology
2023-01-27,2385.9,2375.4,2402.8,2361.1,577.58M,0.44,Technology
2023-01-30,2339.6,2385.9,2385.9,2338.3,462.87M,-1.94,Technology
2023-01-31,2373.3,2339.6,2373.4,2339.1,536.64M,1.44,Technology
2023-02-01,2427.7,2373.3,2446.5,2360.5,677.88M,2.29,Technology
2023-02-02,2495.3,2427.7,2508.1,2427.7,664.36M,2.78,Technology
2023-02-03,2475.3,2495.3,2515.4,2450.4,585.49M,-0.8,Technology
2023-02-06,2445.0,2475.3,2475.3,2436.2,458.49M,-1.22,Technology
2023-02-07,2505.3,2445.0,2514.5,2445.0,560.36M,2.46,Technology
2023-02-08,2473.9,2505.3,2523.4,2469.9,506.70M,-1.25,Technology
2023-02-09,2461.5,2473.9,2516.3,2451.4,488.35M,-0.5,Technology
2023-02-10,2448.0,2461.5,2461.5,2425.9,457.83M,-0.55,Technology
2023-02-13,2491.5,2448.0,2496.4,2448.0,452.86M,1.77,Technology
2023-02-14,2502.3,2491.5,2514.9,2464.5,471.54M,0.44,Technology
2023-02-15,2511.9,2502.3,2512.4,2480.3,412.52M,0.38,Technology
2023-02-16,2467.9,2511.9,2511.9,2467.1,460.20M,-1.75,Technology
2023-02-17,2438.4,2467.9,2467.9,2416.7,426.36M,-1.19,Technology
2023-02-21,2379.9,2438.4,2438.4,2378.1,461.78M,-2.4,Technology
2023-02-22,2376.5,2379.9,2395.4,2365.6,454.63M,-0.14,Technology
2023-02-23,2415.2,2376.5,2423.9,2376.5,537.87M,1.63,Technology
2023-02-24,2372.4,2415.2,2415.2,2358.9,442.39M,-1.77,Technology
2023-02-27,2384.7,2372.4,2407.7,2372.4,374.96M,0.52,Technology
2023-02-28,2380.3,2384.7,2402.6,2373.6,443.47M,-0.19,Technology
2023-03-01,2360.9,2380.3,2383.6,2355.1,426.44M,-0.81,Technology
2023-03-02,2390.7,2360.9,2398.0,2351.4,463.56M,1.26,Technology
2023-03-03,2441.8,2390.7,2442.6,2390.7,449.86M,2.14,Technology
2023-03-06,2454.9,2441.8,2488.0,2441.8,455.26M,0.53,Technology
2023-03-07,2423.8,2454.9,2461.8,2418.2,446.13M,-1.26,Technology
2023-03-08,2444.2,2423.8,2447.2,2419.9,408.82M,0.84,Technology
2023-03-09,2408.9,2444.2,2475.0,2404.9,482.55M,-1.45,Technology
2023-03-10,2367.0,2408.9,2411.2,2357.7,546.21M,-1.74,Technology
2023-03-13,2380.0,2367.0,2412.3,2338.0,563.92M,0.55,Technology
2023-03-14,2434.6,2380.0,2443.0,2380.0,531.79M,2.29,Technology
2023-03-15,2435.2,2434.6,2438.4,2396.4,579.84M,0.03,Technology
2023-03-16,2503.8,2434.8,2507.0,2419.6,662.13M,2.82,Technology
2023-03-17,2501.0,2503.8,2529.6,2486.0,950.62M,-0.11,Technology
2023-03-20,2506.7,2501.0,2510.1,2476.2,481.18M,0.23,Technology
2023-03-21,2527.6,2506.7,2531.6,2493.4,491.97M,0.83,Technology
2023-03-22,2504.4,2527.6,2580.7,2504.2,521.74M,-0.92,Technology
2023-03-23,2545.8,2504.4,2579.4,2504.4,489.09M,1.65,Technology
2023-03-24,2552.0,2545.8,2552.6,2520.5,431.56M,0.25,Technology
2023-03-27,2530.3,2552.0,2563.6,2524.6,391.40M,-0.85,Technology
2023-03-28,2518.8,2530.3,2530.3,2495.4,359.95M,-0.46,Technology
2023-03-29,2571.5,2518.8,2576.5,2518.8,472.75M,2.09,Technology
2023-03-30,2600.9,2571.5,2604.3,2571.5,413.26M,1.14,Technology
2023-03-31,2639.0,2600.9,2640.9,2594.5,467.23M,1.47,Technology
2023-04-03,2637.8,2639.0,2639.6,2611.0,407.66M,-0.05,Technology
2023-04-04,2622.4,2637.8,2648.8,2612.2,374.76M,-0.58,Technology
2023-04-05,2591.2,2615.0,2615.0,2571.4,391.34M,-1.19,Technology
2023-04-06,2608.8,2591.2,2611.6,2561.9,346.27M,0.68,Technology
2023-04-10,2604.9,2608.8,2608.8,2565.1,367.92M,-0.15,Technology
2023-04-11,2578.0,2604.9,2604.9,2574.2,329.25M,-1.03,Technology
2023-04-12,2562.3,2578.0,2602.5,2558.6,364.91M,-0.61,Technology
2023-04-13,2612.3,2562.3,2616.3,2562.3,367.34M,1.95,Technology
2023-04-14,2599.1,2612.3,2619.5,2576.4,316.86M,-0.51,Technology
2023-04-17,2609.3,2599.1,2613.9,2588.4,326.04M,0.39,Technology
2023-04-18,2619.9,2609.3,2638.5,2608.4,346.30M,0.41,Technology
2023-04-19,2616.5,2619.9,2620.3,2594.5,339.12M,-0.13,Technology
2023-04-20,2596.7,2616.5,2623.0,2584.9,409.42M,-0.76,Technology
2023-04-21,2587.1,2596.7,2596.7,2570.4,370.95M,-0.37,Technology
2023-04-24,2576.1,2587.1,2590.0,2556.1,321.69M,-0.42,Technology
2023-04-25,2522.4,2576.1,2576.1,2522.4,410.36M,-2.09,Technology
2023-04-26,2566.1,2522.4,2592.1,2522.4,462.29M,1.73,Technology
2023-04-27,2621.8,2566.1,2623.4,2566.1,473.22M,2.17,Technology
2023-04-28,2649.9,2622.2,2650.4,2618.8,463.46M,1.07,Technology
2023-05-01,2654.8,2649.9,2667.0,2645.5,388.98M,0.18,Technology
2023-05-02,2630.1,2654.8,2660.8,2617.2,411.98M,-0.93,Technology
2023-05-03,2608.3,2630.1,2650.5,2607.6,464.52M,-0.83,Technology
2023-05-04,2595.5,2608.3,2612.1,2585.4,492.10M,-0.49,Technology
2023-05-05,2665.9,2595.5,2674.4,2595.5,474.74M,2.71,Technology
2023-05-08,2665.4,2665.9,2667.5,2647.3,373.50M,-0.02,Technology
2023-05-09,2642.6,2665.4,2665.4,2640.5,367.80M,-0.86,Technology
2023-05-10,2675.0,2642.6,2681.2,2642.6,424.04M,1.22,Technology
2023-05-11,2663.0,2676.3,2676.3,2644.9,376.60M,-0.45,Technology
2023-05-12,2657.0,2663.0,2669.9,2636.5,352.11M,-0.22,Technology
2023-05-15,2676.6,2657.0,2677.3,2648.8,342.34M,0.74,Technology
2023-05-16,2681.0,2676.6,2696.2,2674.5,397.62M,0.16,Technology
2023-05-17,2715.4,2681.0,2718.8,2678.4,442.51M,1.28,Technology
2023-05-18,2771.4,2715.4,2774.8,2715.4,515.53M,2.06,Technology
2023-05-19,2768.3,2771.4,2776.1,2759.6,443.51M,-0.11,Technology
2023-05-22,2772.0,2768.3,2779.8,2755.4,386.69M,0.13,Technology
2023-05-23,2730.4,2772.0,2772.0,2729.9,403.05M,-1.5,Technology
2023-05-24,2713.4,2730.4,2730.4,2697.2,422.15M,-0.62,Technology
2023-05-25,2834.1,2713.4,2845.8,2713.4,713.61M,4.45,Technology
2023-05-26,2910.0,2834.1,2914.1,2834.1,610.79M,2.68,Technology
2023-05-30,2928.2,2910.0,2970.2,2910.0,588.60M,0.63,Technology
2023-05-31,2896.3,2928.2,2939.4,2896.3,902.31M,-1.09,Technology
2023-06-01,2934.8,2896.3,2945.5,2883.6,511.39M,1.33,Technology
2023-06-02,2949.8,2934.8,2963.8,2929.5,425.64M,0.51,Technology
2023-06-05,2933.3,2949.8,2970.3,2926.6,465.40M,-0.56,Technology
2023-06-06,2929.7,2933.3,2935.5,2911.1,406.30M,-0.12,Technology
2023-06-07,2882.3,2929.7,2948.0,2876.9,476.16M,-1.62,Technology
2023-06-08,2916.8,2882.3,2921.1,2882.3,383.22M,1.2,Technology
2023-06-09,2930.4,2916.8,2960.2,2916.8,404.31M,0.46,Technology
2023-06-12,2991.2,2930.4,2992.2,2930.4,490.42M,2.07,Technology
2023-06-13,3012.5,2991.2,3023.2,2986.1,569.40M,0.71,Technology
2023-06-14,3046.9,3012.5,3047.2,3001.1,541.14M,1.14,Technology
2023-06-15,3085.8,3046.9,3100.1,3035.3,550.45M,1.28,Technology
2023-06-16,3060.4,3085.8,3110.6,3058.6,802.77M,-0.83,Technology
2023-06-20,3046.9,3053.8,3065.3,3028.5,468.95M,-0.44,Technology
2023-06-21,3003.8,3046.9,3046.9,2991.0,480.68M,-1.41,Technology
2023-06-22,3031.5,3003.8,3031.8,2989.9,410.77M,0.92,Technology
2023-06-23,2998.1,3031.5,3031.5,2985.3,522.76M,-1.1,Technology
2023-06-26,2967.1,2998.1,3025.5,2966.8,399.79M,-1.03,Technology
2023-06-27,3027.7,2967.1,3034.0,2967.1,389.26M,2.04,Technology
2023-06-28,3026.9,3027.7,3045.6,3007.2,397.89M,-0.03,Technology
2023-06-29,3030.8,3026.9,3037.8,3014.8,380.68M,0.13,Technology
2023-06-30,3085.8,3030.8,3091.5,3030.8,453.20M,1.82,Technology
2023-07-03,3076.3,3085.8,3087.3,3064.2,200.77M,-0.31,Technology
2023-07-05,3059.1,3076.3,3084.6,3055.0,341.88M,-0.56,Technology
2023-07-06,3054.2,3059.1,3059.1,3021.3,347.54M,-0.16,Technology
2023-07-07,3040.9,3054.2,3078.7,3039.8,326.25M,-0.44,Technology
2023-07-10,3040.3,3040.9,3040.9,3012.0,389.43M,-0.02,Technology
2023-07-11,3046.2,3040.3,3048.8,3018.0,350.84M,0.19,Technology
2023-07-12,3084.4,3046.2,3100.1,3046.2,435.66M,1.25,Technology
2023-07-13,3130.5,3084.4,3136.9,3084.4,360.76M,1.49,Technology
2023-07-14,3125.8,3130.5,3170.3,3116.4,438.98M,-0.15,Technology
2023-07-17,3167.4,3125.8,3174.6,3125.8,387.48M,1.33,Technology
2023-07-18,3207.3,3167.4,3224.1,3142.8,427.88M,1.26,Technology
2023-07-19,3198.5,3207.3,3230.6,3185.5,430.77M,-0.27,Technology
2023-07-20,3133.2,3198.5,3198.5,3123.1,468.15M,-2.04,Technology
2023-07-21,3123.4,3133.2,3166.3,3120.4,716.76M,-0.31,Technology
2023-07-24,3131.5,3123.4,3146.9,3118.8,334.91M,0.26,Technology
2023-07-25,3168.7,3131.5,3180.2,3131.5,351.00M,1.19,Technology
2023-07-26,3127.6,3168.7,3168.7,3105.1,407.09M,-1.3,Technology
2023-07-27,3117.0,3127.6,3180.2,3104.5,485.32M,-0.34,Technology
2023-07-28,3163.1,3117.0,3172.5,3117.0,493.06M,1.48,Technology
2023-07-31,3167.1,3163.1,3172.5,3150.1,385.99M,0.13,Technology
2023-08-01,3169.9,3167.1,3177.3,3147.3,368.18M,0.09,Technology
2023-08-02,3087.8,3169.9,3169.9,3075.1,559.65M,-2.59,Technology
2023-08-03,3078.0,3087.8,3096.5,3063.1,448.07M,-0.32,Technology
2023-08-04,3032.0,3078.0,3084.2,3028.9,515.77M,-1.49,Technology
2023-08-07,3040.1,3032.0,3056.1,3016.6,407.22M,0.27,Technology
2023-08-08,3016.5,3040.1,3040.1,2987.1,409.16M,-0.78,Technology
2023-08-09,2970.9,3016.5,3019.8,2960.2,406.37M,-1.51,Technology
2023-08-10,2971.2,2970.9,3020.6,2957.2,384.10M,0.01,Technology
2023-08-11,2945.0,2971.2,2971.2,2934.6,365.13M,-0.88,Technology
2023-08-14,2999.6,2945.0,2999.7,2934.4,403.35M,1.85,Technology
2023-08-15,2972.2,2999.6,3007.4,2966.9,371.40M,-0.91,Technology
2023-08-16,2945.9,2972.2,2984.2,2945.4,374.00M,-0.88,Technology
2023-08-17,2917.5,2945.9,2963.8,2911.6,423.60M,-0.96,Technology
2023-08-18,2920.7,2917.5,2932.6,2880.4,415.33M,0.11,Technology
2023-08-21,2986.8,2920.7,2991.3,2920.7,403.05M,2.26,Technology
2023-08-22,2979.6,2986.8,3016.6,2972.5,347.56M,-0.24,Technology
2023-08-23,3036.8,2979.6,3045.0,2979.6,397.35M,1.92,Technology
2023-08-24,2971.4,3036.8,3080.0,2969.8,522.19M,-2.15,Technology
2023-08-25,2995.8,2971.4,3016.2,2950.5,416.25M,0.82,Technology
2023-08-28,3020.2,2995.8,3024.2,2991.0,332.47M,0.81,Technology
2023-08-29,3084.0,3020.2,3088.2,3008.6,384.77M,2.11,Technology
2023-08-30,3109.7,3084.0,3115.3,3077.0,401.24M,0.83,Technology
2023-08-31,3121.2,3109.7,3134.8,3109.7,478.57M,0.37,Technology
2023-09-01,3128.2,3121.2,3146.6,3114.2,361.63M,0.23,Technology
2023-09-05,3140.4,3128.2,3149.7,3110.4,366.87M,0.39,Technology
2023-09-06,3097.3,3140.4,3140.4,3079.7,383.53M,-1.37,Technology
2023-09-07,3048.6,3097.3,3097.3,3022.0,498.43M,-1.57,Technology
2023-09-08,3054.9,3048.6,3076.1,3047.3,380.73M,0.21,Technology
2023-09-11,3068.8,3054.9,3084.3,3040.8,382.05M,0.45,Technology
2023-09-12,3015.2,3068.8,3068.8,3010.2,461.08M,-1.75,Technology
2023-09-13,3024.6,3015.2,3040.9,3005.9,402.31M,0.31,Technology
2023-09-14,3045.8,3024.6,3052.9,3024.1,376.91M,0.7,Technology
2023-09-15,2986.6,3045.8,3045.8,2978.7,683.25M,-1.95,Technology
2023-09-18,3000.7,2986.6,3010.4,2972.8,364.88M,0.47,Technology
2023-09-19,2998.4,3000.7,3006.2,2970.8,350.06M,-0.08,Technology
2023-09-20,2945.2,2998.4,3008.8,2944.9,386.69M,-1.77,Technology
2023-09-21,2900.5,2945.2,2945.2,2900.0,450.00M,-1.52,Technology
2023-09-22,2908.0,2900.5,2936.2,2900.5,364.11M,0.26,Technology
2023-09-25,2921.6,2908.0,2925.6,2893.8,315.23M,0.47,Technology
2023-09-26,2869.6,2921.6,2921.6,2859.6,380.52M,-1.78,Technology
2023-09-27,2874.5,2869.6,2889.3,2844.7,395.10M,0.17,Technology
2023-09-28,2894.2,2874.5,2913.0,2847.5,426.25M,0.69,Technology
2023-09-29,2905.6,2894.2,2939.8,2894.2,373.55M,0.39,Technology
2023-10-02,2944.2,2905.6,2951.9,2905.6,384.13M,1.33,Technology
2023-10-03,2890.6,2944.2,2946.1,2875.9,379.16M,-1.82,Technology
2023-10-04,2926.8,2890.6,2933.8,2890.6,360.02M,1.25,Technology
2023-10-05,2934.1,2926.8,2939.3,2898.7,334.35M,0.25,Technology
2023-10-06,2991.1,2934.1,3002.4,2906.3,390.96M,1.94,Technology
2023-10-09,3004.0,2991.1,3008.9,2955.6,283.23M,0.43,Technology
2023-10-10,3008.6,3004.0,3032.6,2997.7,334.59M,0.15,Technology
2023-10-11,3038.9,3008.6,3040.1,3008.6,325.94M,1.01,Technology
2023-10-12,3042.1,3038.9,3072.4,3018.6,374.08M,0.1,Technology
2023-10-13,2995.8,3042.1,3053.8,2986.8,364.26M,-1.52,Technology
2023-10-16,3025.0,2995.8,3037.4,2995.8,339.55M,0.98,Technology
2023-10-17,3001.6,3025.0,3025.0,2953.3,395.63M,-0.77,Technology
2023-10-18,2964.7,3001.6,3001.6,2952.1,368.40M,-1.23,Technology
2023-10-19,2951.8,2964.7,3000.5,2946.6,402.54M,-0.44,Technology
2023-10-20,2902.0,2951.8,2952.7,2898.3,481.14M,-1.69,Technology
2023-10-23,2914.2,2902.0,2939.9,2869.8,397.26M,0.42,Technology
2023-10-24,2934.8,2914.2,2938.9,2901.8,382.90M,0.71,Technology
2023-10-25,2900.0,2934.8,2954.1,2892.0,443.68M,-1.19,Technology
2023-10-26,2837.1,2899.8,2915.4,2824.8,491.19M,-2.17,Technology
2023-10-27,2853.5,2859.6,2883.1,2841.4,452.01M,0.58,Technology
2023-10-30,2887.4,2872.6,2899.9,2862.9,417.94M,1.19,Technology
2023-10-31,2903.5,2885.3,2905.6,2858.9,440.14M,0.56,Technology
2023-11-01,2963.9,2911.1,2967.2,2911.1,542.67M,2.08,Technology
2023-11-02,3014.8,2995.1,3018.1,2987.7,476.06M,1.71,Technology
2023-11-03,3048.7,3011.1,3060.2,3004.0,475.18M,1.12,Technology
2023-11-06,3072.5,3052.8,3073.6,3045.8,380.67M,0.78,Technology
2023-11-07,3105.8,3082.2,3115.7,3075.6,394.88M,1.08,Technology
2023-11-08,3125.6,3115.1,3130.0,3104.5,360.72M,0.64,Technology
2023-11-09,3113.0,3132.9,3156.8,3108.8,435.22M,-0.4,Technology
2023-11-10,3193.8,3134.0,3195.1,3128.3,432.12M,2.59,Technology
2023-11-13,3176.6,3180.5,3185.6,3163.4,330.25M,-0.54,Technology
2023-11-14,3237.5,3225.6,3245.6,3215.1,442.65M,1.92,Technology
2023-11-15,3235.0,3248.3,3253.1,3222.2,434.36M,-0.08,Technology
2023-11-16,3256.9,3233.1,3258.8,3226.9,518.14M,0.68,Technology
2023-11-17,3247.7,3247.6,3260.7,3234.1,407.82M,-0.28,Technology
2023-11-20,3296.5,3252.1,3304.7,3252.1,407.06M,1.5,Technology
2023-11-21,3269.0,3282.6,3287.2,3256.6,379.90M,-0.83,Technology
2023-11-22,3278.1,3289.6,3309.6,3266.2,397.45M,0.28,Technology
2023-11-24,3267.7,3271.9,3275.6,3256.6,165.93M,-0.32,Technology
2023-11-27,3269.1,3264.5,3287.8,3258.3,331.31M,0.04,Technology
2023-11-28,3275.4,3261.6,3284.3,3259.7,333.31M,0.19,Technology
2023-11-29,3275.7,3300.5,3311.0,3273.1,395.43M,0.01,Technology
2023-11-30,3273.1,3284.7,3290.2,3247.0,581.16M,-0.08,Technology
2023-12-01,3278.6,3266.8,3285.9,3248.1,388.62M,0.17,Technology
2023-12-04,3235.7,3243.2,3243.8,3200.2,392.44M,-1.31,Technology
2023-12-05,3262.1,3224.1,3266.1,3223.1,366.93M,0.82,Technology
2023-12-06,3231.8,3287.4,3287.4,3229.5,355.99M,-0.93,Technology
2023-12-07,3273.2,3246.8,3276.5,3242.0,444.65M,1.28,Technology
2023-12-08,3302.7,3266.3,3304.8,3265.3,417.38M,0.9,Technology
2023-12-11,3316.6,3285.9,3318.0,3281.4,527.86M,0.42,Technology
2023-12-12,3344.1,3305.6,3344.1,3302.7,498.63M,0.83,Technology
2023-12-13,3373.8,3350.9,3381.4,3345.4,478.89M,0.89,Technology
2023-12-14,3362.4,3374.1,3387.8,3336.3,618.64M,-0.34,Technology
2023-12-15,3386.1,3364.4,3399.4,3364.0,900.87M,0.7,Technology
2023-12-18,3395.1,3380.2,3402.3,3367.3,405.25M,0.27,Technology
2023-12-19,3403.3,3390.7,3403.4,3385.4,387.12M,0.24,Technology
2023-12-20,3350.8,3398.6,3412.8,3350.8,404.44M,-1.54,Technology
2023-12-21,3386.8,3383.5,3395.8,3358.1,372.03M,1.08,Technology
2023-12-22,3388.1,3395.1,3400.0,3372.6,279.94M,0.04,Technology
2023-12-26,3401.6,3394.3,3409.1,3393.0,277.27M,0.4,Technology
2023-12-27,3402.4,3402.2,3408.0,3386.4,296.85M,0.02,Technology
2023-12-28,3406.6,3415.5,3418.5,3404.9,267.13M,0.12,Technology
2023-12-29,3397.2,3412.1,3417.2,3379.0,306.61M,-0.28,Technology
2024-01-02,3309.5,3349.1,3356.9,3287.6,453.24M,-2.58,Technology
2024-01-03,3275.7,3278.7,3298.7,3271.6,401.32M,-1.02,Technology
2024-01-04,3254.6,3257.7,3281.2,3252.5,417.58M,-0.64,Technology
2024-01-05,3259.5,3260.9,3287.2,3246.2,393.17M,0.15,Technology
2024-01-08,3349.0,3277.0,3349.7,3274.4,444.20M,2.75,Technology
2024-01-09,3357.5,3325.3,3367.3,3315.8,457.81M,0.25,Technology
2024-01-10,3391.2,3362.5,3396.8,3355.8,434.19M,1.0,Technology
2024-01-11,3406.1,3409.9,3426.3,3359.0,417.43M,0.44,Technology
2024-01-12,3417.9,3413.1,3424.0,3400.4,340.13M,0.35,Technology
2024-01-16,3431.2,3414.8,3444.6,3398.3,502.98M,0.39,Technology
2024-01-17,3414.1,3407.4,3417.1,3374.4,433.88M,-0.5,Technology
2024-01-18,3483.5,3460.5,3486.0,3445.6,538.83M,2.03,Technology
2024-01-19,3565.2,3507.9,3565.2,3498.2,602.38M,2.35,Technology
2024-01-22,3579.0,3586.1,3600.5,3566.2,505.61M,0.39,Technology
2024-01-23,3595.1,3580.4,3596.9,3560.3,393.21M,0.45,Technology
2024-01-24,3622.8,3620.1,3662.1,3609.6,542.91M,0.77,Technology
2024-01-25,3636.5,3658.2,3673.8,3618.8,580.62M,0.38,Technology
2024-01-26,3598.3,3612.5,3630.7,3589.9,530.69M,-1.05,Technology
2024-01-29,3633.1,3602.0,3634.2,3597.2,426.52M,0.97,Technology
2024-01-30,3606.2,3633.8,3641.0,3593.9,480.99M,-0.74,Technology
2024-01-31,3529.9,3569.6,3587.0,3529.9,585.07M,-2.11,Technology
2024-02-01,3578.8,3546.8,3583.3,3543.7,460.55M,1.38,Technology
2024-02-02,3625.9,3557.1,3637.1,3555.5,519.23M,1.32,Technology
2024-02-05,3647.1,3649.6,3655.7,3608.1,468.97M,0.58,Technology
2024-02-06,3629.6,3652.0,3656.3,3601.0,430.61M,-0.48,Technology
2024-02-07,3681.6,3653.2,3681.9,3640.8,432.16M,1.43,Technology
2024-02-08,3686.9,3685.9,3699.0,3680.3,357.89M,0.14,Technology
2024-02-09,3742.2,3704.3,3744.2,3699.2,403.44M,1.5,Technology
2024-02-12,3713.3,3743.4,3759.8,3706.7,419.20M,-0.77,Technology
2024-02-13,3655.4,3634.9,3684.4,3624.7,475.14M,-1.56,Technology
2024-02-14,3695.4,3682.8,3696.8,3653.3,420.37M,1.1,Technology
2024-02-15,3679.3,3699.1,3699.1,3661.3,427.55M,-0.44,Technology
2024-02-16,3650.2,3694.4,3702.3,3645.3,398.15M,-0.79,Technology
2024-02-20,3604.0,3627.9,3638.9,3565.9,481.68M,-1.27,Technology
2024-02-21,3576.4,3563.9,3576.8,3539.6,452.88M,-0.76,Technology
2024-02-22,3732.0,3700.5,3736.7,3685.5,562.98M,4.35,Technology
2024-02-23,3722.0,3763.4,3776.6,3708.5,406.04M,-0.27,Technology
2024-02-26,3723.2,3739.0,3751.3,3718.8,383.81M,0.03,Technology
2024-02-27,3725.6,3730.3,3732.6,3698.8,352.12M,0.06,Technology
2024-02-28,3705.1,3709.0,3718.1,3691.8,328.48M,-0.55,Technology
2024-02-29,3748.6,3727.7,3756.6,3704.4,667.97M,1.17,Technology
2024-03-01,3815.3,3757.0,3819.0,3757.0,550.36M,1.78,Technology
2024-03-04,3823.1,3812.5,3851.7,3806.3,552.32M,0.21,Technology
2024-03-05,3739.6,3783.7,3790.5,3714.4,537.49M,-2.19,Technology
2024-03-06,3773.6,3782.3,3802.6,3746.8,553.95M,0.91,Technology
2024-03-07,3845.0,3810.1,3852.9,3790.2,511.91M,1.89,Technology
2024-03-08,3774.2,3858.6,3896.4,3770.7,604.93M,-1.84,Technology
2024-03-11,3760.0,3755.0,3779.4,3733.3,451.11M,-0.38,Technology
2024-03-12,3855.5,3803.1,3856.1,3762.1,501.40M,2.54,Technology
2024-03-13,3813.9,3843.1,3843.1,3792.6,453.81M,-1.08,Technology
2024-03-14,3809.5,3825.8,3843.6,3786.9,491.40M,-0.11,Technology
2024-03-15,3760.3,3763.8,3782.3,3745.0,857.05M,-1.29,Technology
2024-03-18,3779.3,3803.3,3836.6,3774.1,474.26M,0.51,Technology
2024-03-19,3803.4,3752.9,3809.0,3730.4,464.06M,0.64,Technology
2024-03-20,3847.3,3808.3,3847.3,3788.7,482.12M,1.15,Technology
2024-03-21,3852.5,3891.6,3891.6,3845.8,613.46M,0.14,Technology
2024-03-22,3869.9,3850.6,3884.7,3841.4,415.65M,0.45,Technology
2024-03-25,3849.9,3834.1,3871.3,3824.6,460.63M,-0.52,Technology
2024-03-26,3820.6,3865.0,3870.6,3820.5,441.54M,-0.76,Technology
2024-03-27,3825.3,3844.5,3846.1,3797.8,426.36M,0.12,Technology
2024-03-28,3821.1,3815.2,3831.1,3805.6,435.04M,-0.11,Technology
2024-04-01,3829.7,3826.1,3855.2,3810.9,395.87M,0.23,Technology
2024-04-02,3792.7,3781.1,3798.2,3756.6,389.71M,-0.97,Technology
2024-04-03,3796.7,3772.5,3822.3,3771.4,454.11M,0.11,Technology
2024-04-04,3731.3,3837.2,3849.0,3731.1,492.57M,-1.72,Technology
2024-04-05,3782.9,3750.1,3800.2,3738.9,422.81M,1.38,Technology
2024-04-08,3770.9,3788.4,3793.8,3760.6,358.72M,-0.32,Technology
2024-04-09,3776.8,3789.9,3794.0,3724.4,406.91M,0.16,Technology
2024-04-10,3748.8,3733.1,3759.5,3728.8,408.73M,-0.74,Technology
2024-04-11,3837.4,3767.3,3842.2,3750.3,415.59M,2.36,Technology
2024-04-12,3774.4,3794.2,3811.4,3761.6,505.04M,-1.64,Technology
2024-04-15,3699.3,3799.2,3809.2,3695.7,449.02M,-1.99,Technology
2024-04-16,3707.7,3703.3,3731.4,3694.0,383.19M,0.23,Technology
2024-04-17,3644.3,3723.9,3733.1,3643.8,424.03M,-1.71,Technology
2024-04-18,3611.7,3648.8,3660.5,3607.0,404.50M,-0.89,Technology
2024-04-19,3500.4,3589.9,3605.5,3489.7,569.00M,-3.08,Technology
2024-04-22,3545.1,3533.1,3566.0,3496.8,413.15M,1.28,Technology
2024-04-23,3605.8,3567.2,3611.2,3559.9,396.46M,1.71,Technology
2024-04-24,3606.9,3640.7,3648.2,3592.7,450.38M,0.03,Technology
2024-04-25,3612.4,3555.8,3622.3,3542.9,461.87M,0.15,Technology
2024-04-26,3679.4,3650.2,3702.7,3635.9,502.50M,1.85,Technology
2024-04-29,3692.5,3696.3,3700.0,3668.0,403.51M,0.36,Technology
2024-04-30,3612.6,3682.0,3700.4,3612.2,470.47M,-2.16,Technology
2024-05-01,3567.1,3590.4,3647.7,3557.8,508.14M,-1.26,Technology
2024-05-02,3625.7,3616.9,3632.2,3569.6,467.01M,1.64,Technology
2024-05-03,3734.8,3723.0,3749.8,3714.4,510.77M,3.01,Technology
2024-05-06,3790.2,3748.6,3790.2,3744.4,399.78M,1.48,Technology
2024-05-07,3770.2,3792.6,3799.1,3767.9,396.47M,-0.53,Technology
2024-05-08,3779.0,3753.0,3785.9,3752.1,338.31M,0.23,Technology
2024-05-09,3769.4,3774.6,3777.3,3750.9,335.66M,-0.25,Technology
2024-05-10,3787.4,3791.4,3812.7,3772.8,335.72M,0.48,Technology
2024-05-13,3805.5,3814.8,3819.4,3785.6,352.62M,0.48,Technology
2024-05-14,3841.1,3800.5,3846.1,3795.3,364.90M,0.93,Technology
2024-05-15,3929.2,3866.1,3931.3,3861.2,440.26M,2.29,Technology
2024-05-16,3915.9,3934.6,3947.2,3914.5,442.52M,-0.34,Technology
2024-05-17,3897.2,3922.6,3926.6,3876.6,373.56M,-0.48,Technology
2024-05-20,3948.8,3905.5,3957.6,3904.0,353.44M,1.32,Technology
2024-05-21,3961.0,3932.2,3966.0,3924.9,367.96M,0.31,Technology
2024-05-22,3963.8,3973.6,3979.6,3935.7,394.97M,0.07,Technology
2024-05-23,3986.1,4040.0,4043.6,3967.3,530.45M,0.56,Technology
2024-05-24,4031.1,3997.0,4034.2,3979.9,372.12M,1.13,Technology
2024-05-28,4086.7,4071.6,4097.6,4051.2,445.88M,1.38,Technology
2024-05-29,4072.1,4050.1,4089.6,4045.8,417.93M,-0.36,Technology
2024-05-30,3972.3,4040.3,4045.5,3960.6,537.13M,-2.45,Technology
2024-05-31,3972.2,3990.9,3994.4,3887.7,771.56M,0.0,Technology
2024-06-03,4011.2,4020.5,4022.5,3959.8,437.00M,0.98,Technology
2024-06-04,4027.8,4013.4,4032.4,3988.1,409.77M,0.41,Technology
2024-06-05,4135.6,4065.1,4135.6,4058.9,532.15M,2.68,Technology
2024-06-06,4116.2,4146.4,4157.7,4097.9,404.14M,-0.47,Technology
2024-06-07,4124.4,4107.4,4142.1,4092.9,359.87M,0.2,Technology
2024-06-10,4136.3,4113.9,4151.4,4097.6,715.68M,0.29,Technology
2024-06-11,4204.8,4130.5,4204.8,4127.1,672.72M,1.66,Technology
2024-06-12,4308.3,4249.0,4352.0,4243.5,879.16M,2.46,Technology
2024-06-13,4367.0,4371.5,4380.9,4331.9,681.63M,1.36,Technology
2024-06-14,4389.3,4364.1,4395.1,4350.0,651.80M,0.51,Technology
2024-06-17,4441.3,4409.1,4465.1,4383.7,723.60M,1.18,Technology
2024-06-18,4468.4,4451.6,4478.0,4438.2,771.53M,0.61,Technology
2024-06-20,4397.1,4507.4,4507.4,4378.9,1.09B,-1.6,Technology
2024-06-21,4360.2,4371.5,4411.6,4341.5,1.63B,-0.84,Technology
2024-06-24,4269.9,4327.1,4348.1,4269.9,894.78M,-2.07,Technology
2024-06-25,4346.5,4300.3,4352.0,4286.6,782.95M,1.79,Technology
2024-06-26,4362.6,4349.7,4375.0,4329.6,744.97M,0.37,Technology
2024-06-27,4359.8,4355.0,4385.9,4343.4,644.81M,-0.06,Technology
2024-06-28,4341.1,4376.9,4429.2,4338.8,904.40M,-0.43,Technology
2024-07-01,4397.5,4351.6,4401.8,4298.8,628.43M,1.3,Technology
2024-07-02,4421.0,4362.5,4421.7,4360.9,554.49M,0.54,Technology
2024-07-03,4486.3,4413.4,4486.3,4410.9,435.22M,1.48,Technology
2024-07-05,4508.1,4485.2,4523.1,4476.8,571.13M,0.49,Technology
2024-07-08,4540.8,4521.2,4543.9,4509.5,658.33M,0.72,Technology
2024-07-09,4542.5,4560.7,4578.7,4517.9,691.74M,0.04,Technology
2024-07-10,4616.3,4572.9,4617.7,4555.3,665.79M,1.63,Technology
2024-07-11,4489.8,4614.4,4614.4,4476.5,784.38M,-2.74,Technology
2024-07-12,4531.2,4503.2,4578.2,4493.8,630.41M,0.92,Technology
2024-07-15,4549.6,4571.4,4593.7,4523.0,580.15M,0.41,Technology
2024-07-16,4532.2,4556.4,4563.7,4499.4,542.45M,-0.38,Technology
2024-07-17,4363.6,4420.6,4432.1,4355.6,974.13M,-3.72,Technology
2024-07-18,4353.8,4411.5,4411.5,4296.3,827.37M,-0.23,Technology
2024-07-19,4298.4,4337.2,4365.9,4289.4,670.41M,-1.27,Technology
2024-07-22,4382.8,4356.8,4393.7,4331.1,686.09M,1.96,Technology
2024-07-23,4377.3,4373.2,4414.6,4366.3,513.67M,-0.13,Technology
2024-07-24,4196.1,4321.7,4334.3,4187.0,846.08M,-4.14,Technology
2024-07-25,4148.1,4194.6,4246.7,4086.9,977.21M,-1.14,Technology
2024-07-26,4193.4,4196.7,4227.1,4160.2,670.59M,1.09,Technology
2024-07-29,4179.4,4217.2,4242.6,4163.5,583.72M,-0.33,Technology
2024-07-30,4087.5,4192.9,4199.4,4052.1,967.67M,-2.2,Technology
2024-07-31,4249.1,4209.1,4266.4,4179.5,1.06B,3.95,Technology
2024-08-01,4106.3,4251.4,4292.7,4065.0,1.14B,-3.36,Technology
2024-08-02,4024.5,4020.4,4064.4,3964.4,1.33B,-1.99,Technology
2024-08-05,3872.2,3717.1,3944.8,3709.3,1.28B,-3.78,Technology
2024-08-06,3915.2,3902.3,3987.3,3852.0,937.23M,1.11,Technology
2024-08-07,3861.9,3986.5,4022.5,3856.4,932.08M,-1.36,Technology
2024-08-08,3989.6,3925.2,4001.9,3867.4,850.39M,3.31,Technology
2024-08-09,4015.2,3987.8,4036.3,3966.4,657.76M,0.64,Technology
2024-08-12,4052.3,4028.8,4085.7,4017.2,665.22M,0.92,Technology
2024-08-13,4173.7,4102.0,4175.0,4101.6,710.69M,3.0,Technology
2024-08-14,4199.1,4196.5,4218.6,4144.7,687.24M,0.61,Technology
2024-08-15,4305.7,4244.2,4308.0,4235.0,777.42M,2.54,Technology
2024-08-16,4316.8,4284.6,4325.0,4274.2,642.04M,0.26,Technology
2024-08-19,4379.1,4311.5,4379.1,4283.2,687.75M,1.44,Technology
2024-08-20,4365.1,4365.7,4394.2,4340.5,688.39M,-0.32,Technology
2024-08-21,4385.3,4364.0,4402.9,4351.5,588.32M,0.46,Technology
2024-08-22,4291.7,4410.4,4420.3,4282.7,759.14M,-2.13,Technology
2024-08-23,4363.0,4333.3,4381.7,4306.7,680.95M,1.66,Technology
2024-08-26,4314.2,4357.6,4373.3,4283.8,662.12M,-1.12,Technology
2024-08-27,4341.5,4287.5,4350.3,4266.5,603.27M,0.63,Technology
2024-08-28,4285.2,4336.7,4347.5,4252.8,766.77M,-1.3,Technology
2024-08-29,4253.3,4287.5,4350.0,4246.3,849.72M,-0.74,Technology
2024-08-30,4298.5,4294.1,4314.5,4247.6,877.00M,1.06,Technology
2024-09-03,4108.1,4257.6,4258.1,4083.6,984.20M,-4.43,Technology
2024-09-04,4091.3,4062.4,4130.0,4047.8,765.23M,-0.41,Technology
2024-09-05,4093.2,4071.8,4147.1,4070.8,654.96M,0.05,Technology
2024-09-06,3994.9,4094.9,4100.4,3978.1,906.24M,-2.4,Technology
2024-09-09,4051.7,4035.8,4053.2,3992.5,690.71M,1.42,Technology
2024-09-10,4101.7,4068.8,4104.7,4034.7,713.74M,1.23,Technology
2024-09-11,4234.9,4119.1,4241.8,4056.8,935.36M,3.25,Technology
2024-09-12,4269.8,4231.8,4287.1,4201.0,773.84M,0.82,Technology
2024-09-13,4287.6,4272.0,4298.8,4256.3,585.65M,0.42,Technology
2024-09-16,4246.7,4237.2,4263.1,4206.5,710.47M,-0.95,Technology
2024-09-17,4242.8,4284.1,4287.5,4218.7,735.72M,-0.09,Technology
2024-09-18,4221.2,4253.3,4295.0,4218.6,744.02M,-0.51,Technology
2024-09-19,4351.3,4333.3,4377.4,4323.0,797.08M,3.08,Technology
2024-09-20,4329.4,4340.3,4361.0,4305.9,1.61B,-0.5,Technology
2024-09-23,4326.1,4329.6,4339.0,4312.5,770.76M,-0.08,Technology
2024-09-24,4360.4,4342.0,4370.5,4293.6,856.27M,0.79,Technology
2024-09-25,4382.0,4353.1,4398.0,4352.2,778.99M,0.5,Technology
2024-09-26,4420.8,4455.9,4456.3,4380.1,889.11M,0.89,Technology
2024-09-27,4378.5,4426.9,4426.9,4361.0,707.25M,-0.96,Technology
2024-09-30,4403.7,4358.7,4404.8,4348.4,665.37M,0.58,Technology
2024-10-01,4286.7,4382.2,4384.0,4259.7,813.58M,-2.66,Technology
2024-10-02,4311.8,4281.3,4329.2,4255.1,592.14M,0.59,Technology
2024-10-03,4337.8,4312.3,4369.0,4304.3,662.85M,0.6,Technology
2024-10-04,4380.8,4390.1,4391.1,4331.3,669.16M,0.99,Technology
2024-10-07,4350.9,4364.2,4400.0,4344.7,819.78M,-0.68,Technology
2024-10-08,4443.1,4386.7,4449.0,4375.7,791.00M,2.12,Technology
2024-10-09,4488.1,4448.7,4492.6,4429.5,723.95M,1.01,Technology
2024-10-10,4491.9,4454.6,4502.1,4448.1,706.45M,0.08,Technology
2024-10-11,4490.4,4478.6,4502.9,4468.5,586.72M,-0.03,Technology
2024-10-14,4551.6,4521.5,4567.5,4521.5,613.43M,1.36,Technology
2024-10-15,4470.2,4565.2,4574.6,4449.2,958.34M,-1.79,Technology
2024-10-16,4486.3,4473.6,4492.5,4428.2,738.34M,0.36,Technology
2024-10-17,4505.1,4553.5,4553.5,4504.5,740.19M,0.42,Technology
2024-10-18,4526.7,4535.7,4538.8,4515.7,562.68M,0.48,Technology
2024-10-21,4568.9,4515.1,4569.3,4515.1,637.59M,0.93,Technology
2024-10-22,4575.8,4542.2,4590.2,4528.1,637.56M,0.15,Technology
2024-10-23,4498.8,4558.7,4560.9,4457.9,738.85M,-1.68,Technology
2024-10-24,4508.4,4514.6,4516.5,4477.3,562.67M,0.21,Technology
2024-10-25,4534.9,4528.0,4584.2,4526.9,650.60M,0.59,Technology
2024-10-28,4531.6,4565.4,4565.4,4530.1,563.92M,-0.07,Technology
2024-10-29,4582.2,4539.1,4597.4,4518.0,623.17M,1.12,Technology
2024-10-30,4520.9,4554.8,4561.0,4518.8,897.24M,-1.34,Technology
2024-10-31,4359.5,4452.1,4452.1,4356.3,1.00B,-3.57,Technology
2024-11-01,4386.2,4354.6,4420.3,4354.6,847.38M,0.61,Technology
2024-11-04,4381.1,4391.1,4415.6,4363.7,711.84M,-0.12,Technology
2024-11-05,4445.0,4398.3,4452.2,4398.3,774.06M,1.46,Technology
2024-11-06,4557.2,4504.5,4569.0,4501.8,1.04B,2.52,Technology
2024-11-07,4640.8,4584.9,4643.8,4584.9,855.25M,1.83,Technology
2024-11-08,4624.9,4635.6,4651.9,4613.9,719.89M,-0.34,Technology
2024-11-11,4583.7,4622.9,4625.5,4556.4,770.48M,-0.89,Technology
2024-11-12,4604.4,4588.9,4610.6,4568.9,693.70M,0.45,Technology
2024-11-13,4590.1,4599.2,4625.6,4572.2,759.06M,-0.31,Technology
2024-11-14,4592.3,4603.1,4614.7,4579.9,754.77M,0.05,Technology
2024-11-15,4478.0,4537.7,4542.1,4456.5,932.60M,-2.49,Technology
2024-11-18,4487.4,4463.5,4507.2,4449.8,933.21M,0.21,Technology
2024-11-19,4542.3,4470.7,4543.7,4470.7,883.94M,1.22,Technology
2024-11-20,4531.9,4542.3,4543.2,4469.5,796.86M,-0.23,Technology
2024-11-21,4557.3,4577.6,4605.4,4478.4,979.88M,0.56,Technology
2024-11-22,4547.3,4547.9,4566.5,4523.1,784.04M,-0.22,Technology
2024-11-25,4531.4,4571.3,4578.4,4508.5,1.21B,-0.35,Technology
2024-11-26,4567.7,4558.5,4576.3,4545.9,731.91M,0.8,Technology
2024-11-27,4513.5,4536.8,4536.8,4473.1,747.81M,-1.19,Technology
2024-11-29,4558.7,4519.6,4568.7,4514.7,478.92M,1.0,Technology
2024-12-02,4605.5,4560.5,4622.0,4560.5,974.76M,1.03,Technology
2024-12-03,4631.4,4590.2,4632.9,4581.2,903.84M,0.56,Technology
2024-12-04,4713.3,4678.4,4714.8,4669.4,874.17M,1.77,Technology
2024-12-05,4704.7,4712.3,4725.6,4694.0,820.00M,-0.18,Technology
2024-12-06,4711.3,4707.7,4736.6,4702.9,805.37M,0.14,Technology
2024-12-09,4690.0,4679.6,4702.8,4671.1,893.97M,-0.45,Technology
2024-12-10,4631.1,4681.9,4703.5,4617.3,841.95M,-1.26,Technology
2024-12-11,4700.4,4673.8,4715.7,4652.3,793.63M,1.5,Technology
2024-12-12,4678.5,4669.7,4700.8,4661.3,672.07M,-0.47,Technology
2024-12-13,4703.8,4731.2,4749.3,4664.4,871.03M,0.54,Technology
2024-12-16,4751.1,4709.8,4754.1,4696.8,1.03B,1.01,Technology
2024-12-17,4731.9,4703.2,4741.5,4690.5,867.88M,-0.4,Technology
2024-12-18,4590.3,4748.0,4766.8,4581.3,996.34M,-2.99,Technology
2024-12-19,4599.0,4632.0,4661.9,4593.4,917.95M,0.19,Technology
2024-12-20,4669.5,4561.6,4705.6,4547.2,1.73B,1.53,Technology
2024-12-23,4728.4,4685.6,4730.3,4664.5,696.36M,1.26,Technology
2024-12-24,4777.1,4743.7,4777.1,4738.3,406.57M,1.03,Technology
2024-12-26,4780.8,4766.1,4797.3,4747.6,440.41M,0.08,Technology
2024-12-27,4709.4,4750.8,4755.3,4663.5,586.25M,-1.49,Technology
2024-12-30,4658.0,4641.9,4697.6,4622.5,589.92M,-1.09,Technology
2024-12-31,4609.5,4666.5,4671.3,4599.1,530.90M,-1.04,Technology
2025-01-02,4600.1,4637.3,4657.7,4552.9,649.39M,-0.21,Technology
2025-01-03,4674.8,4618.9,4678.9,4618.9,675.43M,1.62,Technology
2025-01-06,4742.0,4736.6,4792.9,4726.0,913.58M,1.44,Technology
2025-01-07,4628.6,4772.4,4772.4,4614.9,909.87M,-2.39,Technology
2025-01-08,4633.0,4644.7,4654.0,4587.5,723.76M,0.1,Technology
2025-01-10,4529.8,4582.0,4582.0,4495.8,801.24M,-2.23,Technology
2025-01-13,4490.6,4443.7,4495.0,4433.0,712.62M,-0.87,Technology
2025-01-14,4486.1,4525.8,4537.6,4451.4,632.75M,-0.1,Technology
2025-01-15,4585.9,4537.3,4595.0,4527.9,688.86M,2.22,Technology
2025-01-16,4526.3,4625.7,4625.7,4525.9,707.27M,-1.3,Technology
2025-01-17,4601.2,4612.8,4618.3,4580.6,861.35M,1.65,Technology
2025-01-21,4618.5,4600.8,4628.2,4564.2,832.01M,0.38,Technology
2025-01-22,4733.6,4682.7,4742.2,4674.9,870.63M,2.49,Technology
2025-01-23,4739.2,4697.0,4739.2,4691.9,641.68M,0.12,Technology
2025-01-24,4687.7,4756.4,4756.4,4668.5,751.54M,-1.09,Technology
2025-01-27,4425.9,4444.3,4497.7,4392.4,1.75B,-5.59,Technology
2025-01-28,4585.0,4466.3,4589.9,4419.5,1.29B,3.6,Technology
2025-01-29,4534.9,4557.3,4559.6,4480.0,987.51M,-1.09,Technology
2025-01-30,4509.7,4508.8,4533.4,4453.4,1.06B,-0.56,Technology
2025-01-31,4474.2,4561.6,4581.4,4458.0,1.09B,-0.79,Technology
2025-02-03,4393.5,4360.0,4426.4,4338.8,1.02B,-1.8,Technology
2025-02-04,4458.2,4406.0,4467.0,4399.1,922.29M,1.47,Technology
2025-02-05,4528.2,4469.8,4530.4,4458.6,934.42M,1.57,Technology
2025-02-06,4557.9,4539.0,4558.9,4523.5,852.09M,0.66,Technology
2025-02-07,4511.5,4570.7,4593.0,4494.0,871.74M,-1.02,Technology
2025-02-10,4577.0,4546.6,4593.5,4546.6,871.84M,1.45,Technology
2025-02-11,4585.4,4550.8,4607.8,4550.8,878.54M,0.18,Technology
2025-02-12,4583.2,4526.3,4585.8,4517.2,892.82M,-0.05,Technology
2025-02-13,4653.1,4587.9,4654.8,4582.2,992.11M,1.52,Technology
2025-02-14,4681.1,4650.4,4686.0,4645.0,976.76M,0.6,Technology
2025-02-18,4707.0,4703.9,4721.1,4676.7,1.16B,0.55,Technology
2025-02-19,4713.9,4703.0,4730.3,4671.1,1.17B,0.15,Technology
2025-02-20,4711.1,4714.5,4723.2,4658.5,1.05B,-0.06,Technology
2025-02-21,4595.7,4713.7,4720.0,4592.9,1.01B,-2.45,Technology
2025-02-24,4530.2,4612.2,4632.8,4528.1,1.07B,-1.43,Technology
2025-02-25,4468.1,4517.9,4524.7,4437.1,1.06B,-1.37,Technology
2025-02-26,4507.8,4504.8,4553.6,4470.3,960.00M,0.89,Technology
2025-02-27,4336.9,4538.6,4543.9,4335.3,1.19B,-3.79,Technology
2025-02-28,4411.3,4308.5,4414.5,4277.2,1.29B,1.71,Technology
2025-03-03,4255.8,4421.2,4428.5,4222.9,1.21B,-3.52,Technology
2025-03-04,4256.3,4209.4,4332.1,4174.9,1.27B,0.01,Technology
2025-03-05,4315.4,4268.5,4331.6,4210.6,963.45M,1.39,Technology
2025-03-06,4201.2,4227.5,4296.4,4180.4,1.04B,-2.65,Technology
2025-03-07,4261.7,4198.5,4272.0,4155.0,1.13B,1.44,Technology
2025-03-10,4076.8,4179.2,4179.5,4032.1,1.21B,-4.34,Technology
2025-03-11,4061.2,4058.4,4129.6,4017.1,1.16B,-0.38,Technology
2025-03-12,4124.6,4126.3,4162.9,4073.0,1.09B,1.56,Technology
2025-03-13,4051.2,4116.8,4128.8,4034.2,1.09B,-1.78,Technology
2025-03-14,4174.1,4103.1,4178.6,4102.4,949.63M,3.03,Technology
2025-03-17,4181.7,4168.3,4215.1,4139.1,922.65M,0.18,Technology
2025-03-18,4112.8,4154.5,4157.3,4102.7,908.95M,-1.65,Technology
2025-03-19,4171.1,4136.3,4220.6,4122.7,933.67M,1.42,Technology
2025-03-20,4150.5,4131.8,4197.2,4122.7,842.91M,-0.49,Technology
2025-03-21,4171.0,4104.4,4175.6,4087.9,1.31B,0.49,Technology
2025-03-24,4242.5,4230.2,4249.3,4215.4,919.80M,1.71,Technology
2025-03-25,4254.7,4235.2,4260.1,4231.1,679.20M,0.29,Technology
2025-03-26,4149.9,4235.2,4242.2,4133.8,868.87M,-2.46,Technology
2025-03-27,4118.8,4117.4,4148.7,4094.1,763.30M,-0.75,Technology
2025-03-28,4018.8,4096.8,4116.2,4007.3,795.97M,-2.43,Technology
2025-03-31,4020.0,3944.3,4031.0,3907.6,1.01B,0.03,Technology
2025-04-01,4058.1,3999.1,4060.7,3977.7,728.95M,0.95,Technology
2025-04-02,4080.9,3999.8,4114.5,3996.1,696.63M,0.56,Technology
2025-04-03,3800.8,3871.8,3893.1,3795.8,1.45B,-6.86,Technology
2025-04-04,3560.4,3682.2,3707.7,3554.3,1.76B,-6.33,Technology
2025-04-07,3571.7,3402.0,3731.3,3354.9,1.90B,0.32,Technology
2025-04-08,3494.3,3713.2,3765.8,3436.4,1.57B,-2.17,Technology
2025-04-09,3988.7,3519.4,4009.3,3514.7,2.11B,14.15,Technology
2025-04-10,3807.1,3839.8,3868.8,3673.5,1.43B,-4.55,Technology
2025-04-11,3904.6,3795.7,3917.2,3776.0,1.12B,2.56,Technology
2025-04-14,3929.2,4027.0,4033.4,3892.0,984.37M,0.63,Technology
2025-04-15,3942.6,3936.5,3971.4,3918.8,786.03M,0.34,Technology
2025-04-16,3787.1,3826.7,3858.0,3718.2,1.12B,-3.94,Technology
2025-04-17,3761.9,3811.4,3811.4,3743.2,852.71M,-0.67,Technology
2025-04-21,3659.6,3698.5,3705.1,3606.1,857.36M,-2.72,Technology
2025-04-22,3749.3,3709.5,3772.8,3686.9,806.87M,2.45,Technology
2025-04-23,3858.7,3884.1,3929.8,3841.7,978.42M,2.92,Technology
2025-04-24,3995.3,3884.6,3998.4,3883.3,938.35M,3.54,Technology
2025-04-25,4060.2,3989.7,4067.8,3979.9,869.62M,1.62,Technology
2025-04-28,4048.2,4049.5,4066.2,3986.0,779.10M,-0.3,Technology
2025-04-29,4066.7,4027.0,4083.2,4027.0,650.31M,0.46,Technology
2025-04-30,4083.6,3977.7,4093.7,3958.6,933.06M,0.42,Technology
2025-05-01,4174.0,4196.2,4238.2,4166.5,893.10M,2.21,Technology
2025-05-02,4222.9,4202.6,4244.7,4187.3,833.65M,1.17,Technology
2025-05-05,4186.9,4184.7,4219.2,4174.6,693.34M,-0.85,Technology
2025-05-06,4160.7,4125.6,4191.9,4121.1,771.18M,-0.63,Technology
2025-05-07,4198.4,4157.9,4219.4,4123.4,856.37M,0.91,Technology
2025-05-08,4233.9,4239.4,4277.0,4198.6,833.85M,0.85,Technology
2025-05-09,4233.7,4253.5,4262.9,4206.8,620.64M,0.0,Technology
2025-05-12,4431.0,4407.8,4431.0,4363.9,981.13M,4.66,Technology
2025-05-13,4530.7,4443.9,4542.2,4439.6,1.10B,2.25,Technology
2025-05-14,4574.3,4553.0,4583.0,4542.6,1.09B,0.96,Technology
2025-05-15,4573.0,4550.8,4601.2,4534.7,877.08M,-0.03,Technology
2025-05-16,4578.5,4577.5,4579.6,4535.2,822.47M,0.12,Technology
2025-05-19,4576.0,4510.5,4584.6,4509.9,719.26M,-0.05,Technology
2025-05-20,4555.2,4549.2,4556.1,4519.6,610.52M,-0.45,Technology
2025-05-21,4474.2,4515.8,4580.2,4452.2,869.89M,-1.78,Technology
2025-05-22,4479.6,4473.3,4514.9,4463.7,723.91M,0.12,Technology
2025-05-23,4420.1,4391.7,4451.8,4391.3,750.46M,-1.33,Technology
2025-05-27,4532.7,4491.6,4536.6,4481.9,786.44M,2.55,Technology
2025-05-28,4517.1,4543.4,4556.3,4512.3,753.20M,-0.34,Technology
2025-05-29,4543.8,4604.9,4604.9,4522.1,929.94M,0.59,Technology
2025-05-30,4524.4,4538.0,4542.8,4452.3,1.31B,-0.43,Technology
2025-06-02,4564.8,4516.5,4568.0,4516.2,718.00M,0.89,Technology
2025-06-03,4632.3,4576.9,4636.4,4570.2,841.03M,1.48,Technology
2025-06-04,4642.9,4642.7,4660.5,4625.4,768.47M,0.23,Technology
2025-06-05,4624.3,4661.7,4693.7,4608.0,896.48M,-0.4,Technology
2025-06-06,4660.3,4666.4,4685.8,4647.4,685.89M,0.78,Technology
2025-06-09,4671.8,4676.1,4708.1,4666.7,796.05M,0.25,Technology
2025-06-10,4693.2,4674.7,4700.5,4649.3,803.89M,0.46,Technology
2025-06-11,4680.0,4699.4,4722.5,4660.0,826.00M,-0.28,Technology
2025-06-12,4727.4,4678.5,4732.3,4678.5,695.90M,1.01,Technology
2025-06-13,4656.6,4677.1,4702.0,4639.3,800.59M,-1.5,Technology
2025-06-16,4727.6,4689.4,4741.3,4688.0,819.24M,1.52,Technology
2025-06-17,4693.3,4704.2,4730.4,4683.4,785.66M,-0.73,Technology
2025-06-18,4710.2,4697.8,4730.1,4682.4,756.52M,0.36,Technology
2025-06-20,4697.8,4724.9,4743.0,4666.2,1.27B,-0.26,Technology
2025-06-23,4745.0,4692.1,4750.3,4667.9,825.82M,1.0,Technology
2025-06-24,4821.5,4790.6,4830.2,4786.4,910.62M,1.61,Technology
2025-06-25,4878.4,4846.7,4884.0,4846.7,868.25M,1.18,Technology
2025-06-26,4911.5,4902.8,4923.0,4879.4,856.46M,0.68,Technology
2025-06-27,4916.6,4922.4,4950.5,4890.9,1.16B,0.1,Technology
2025-06-30,4964.6,4951.6,4981.3,4925.9,957.36M,0.98,Technology
2025-07-01,4908.8,4951.8,4961.7,4883.3,905.71M,-1.13,Technology
2025-07-02,4972.6,4905.4,4974.9,4896.9,815.46M,1.3,Technology
2025-07-03,5036.6,4996.4,5048.8,4996.4,525.04M,1.29,Technology
2025-07-07,4995.9,5017.1,5034.0,4974.4,686.12M,-0.81,Technology
2025-07-08,5015.2,5013.5,5025.4,4996.7,721.81M,0.39,Technology
2025-07-09,5062.1,5038.7,5078.4,5024.1,730.12M,0.94,Technology
2025-07-10,5055.8,5074.3,5079.4,5024.6,732.85M,-0.12,Technology
2025-07-11,5044.8,5027.4,5071.7,5027.4,664.89M,-0.22,Technology
2025-07-14,5032.3,5035.7,5046.7,4988.9,657.04M,-0.25,Technology
2025-07-15,5096.3,5103.3,5121.6,5090.6,811.56M,1.27,Technology
2025-07-16,5109.9,5100.9,5113.6,5042.9,708.11M,0.27,Technology
2025-07-17,5155.4,5115.6,5172.3,5109.0,694.72M,0.89,Technology
2025-07-18,5150.1,5167.7,5176.4,5134.2,643.16M,-0.1,Technology
2025-07-21,5156.9,5151.1,5194.1,5147.8,613.27M,0.13,Technology
2025-07-22,5101.0,5154.2,5154.2,5068.0,709.20M,-1.08,Technology
2025-07-23,5138.9,5118.7,5143.4,5083.9,746.49M,0.74,Technology
2025-07-24,5173.2,5159.8,5186.7,5140.4,713.40M,0.67,Technology
2025-07-25,5185.4,5172.9,5200.7,5164.1,788.35M,0.24,Technology
2025-07-28,5225.4,5202.4,5225.4,5193.2,722.16M,0.77,Technology
2025-07-29,5214.4,5258.5,5282.9,5209.0,814.83M,-0.21,Technology
2025-07-30,5236.8,5223.7,5252.3,5196.2,791.70M,0.43,Technology
2025-07-31,5220.7,5339.1,5339.1,5198.0,1.03B,-0.31,Technology
2025-08-01,5112.5,5173.8,5181.7,5087.4,939.53M,-2.07,Technology
2025-08-04,5222.6,5164.1,5226.0,5164.1,759.85M,2.15,Technology
2025-08-05,5175.3,5232.9,5238.3,5166.2,869.24M,-0.91,Technology
2025-08-06,5244.7,5183.3,5253.4,5182.6,949.64M,1.34,Technology
2025-08-07,5266.4,5307.0,5327.0,5225.3,979.33M,0.41,Technology
2025-08-08,5330.9,5286.0,5340.0,5269.8,819.29M,1.22,Technology
2025-08-11,5301.0,5321.0,5354.2,5288.0,869.72M,-0.56,Technology
2025-08-12,5375.6,5325.6,5376.2,5292.4,826.39M,1.41,Technology
2025-08-13,5365.3,5398.8,5410.4,5345.2,866.60M,-0.19,Technology
2025-08-14,5363.5,5343.2,5381.6,5337.9,792.52M,-0.03,Technology
2025-08-15,5323.3,5355.3,5355.3,5303.1,1.05B,-0.75,Technology
2025-08-18,5330.3,5323.7,5343.2,5306.6,774.12M,0.13,Technology
2025-08-19,5230.3,5321.4,5324.9,5220.3,1.05B,-1.88,Technology
2025-08-20,5190.0,5213.5,5213.5,5113.4,1.07B,-0.77,Technology
2025-08-21,5169.8,5179.4,5199.7,5147.4,673.47M,-0.39,Technology
2025-08-22,5238.3,5165.1,5269.5,5146.2,873.36M,1.32,Technology
2025-08-25,5233.8,5231.4,5272.7,5213.1,711.44M,-0.09,Technology
2025-08-26,5261.4,5237.0,5267.1,5220.8,804.78M,0.53,Technology
2025-08-27,5286.8,5259.5,5294.4,5234.4,710.96M,0.48,Technology
2025-08-28,5321.4,5288.4,5336.6,5255.5,812.41M,0.66,Technology
2025-08-29,5234.6,5298.5,5298.5,5218.3,786.81M,-1.63,Technology
2025-09-02,5183.9,5130.9,5187.3,5113.2,777.50M,-0.97,Technology
2025-09-03,5226.6,5221.2,5239.9,5187.0,697.67M,0.82,Technology
2025-09-04,5255.3,5215.9,5256.5,5195.1,727.63M,0.55,Technology
2025-09-05,5244.5,5305.4,5310.5,5197.6,936.08M,-0.21,Technology
2025-09-08,5279.7,5272.1,5310.9,5268.5,706.79M,0.67,Technology
2025-09-09,5280.3,5300.1,5300.6,5251.1,704.40M,0.01,Technology
2025-09-10,5373.1,5377.8,5405.3,5345.5,1.05B,1.76,Technology
2025-09-11,5382.5,5409.1,5411.6,5374.0,815.73M,0.18,Technology
2025-09-12,5406.7,5404.2,5421.5,5377.7,746.06M,0.45,Technology
2025-09-15,5451.2,5409.5,5451.5,5401.4,719.33M,0.82,Technology
2025-09-16,5420.0,5463.7,5464.0,5418.9,694.57M,-0.57,Technology
2025-09-17,5382.2,5413.8,5418.0,5333.0,817.79M,-0.7,Technology
2025-09-18,5455.4,5444.5,5472.1,5410.5,1.33B,1.36,Technology
2025-09-19,5520.0,5472.3,5524.5,5466.3,1.53B,1.19,Technology
2025-09-22,5616.3,5512.8,5619.3,5512.8,1.03B,1.74,Technology
2025-09-23,5552.5,5601.9,5609.2,5533.0,874.96M,-1.14,Technology
2025-09-24,5523.8,5571.8,5571.9,5487.9,811.68M,-0.52,Technology
2025-09-25,5525.6,5475.2,5537.1,5448.3,1.03B,0.03,Technology
2025-09-26,5537.0,5520.4,5542.7,5486.6,837.41M,0.21,Technology
2025-09-29,5564.3,5564.9,5599.9,5551.1,806.99M,0.49,Technology
2025-09-30,5612.0,5565.5,5614.1,5557.7,840.05M,0.86,Technology
2025-10-01,5651.8,5585.5,5655.2,5576.5,917.80M,0.71,Technology
2025-10-02,5679.3,5697.9,5706.9,5656.5,780.17M,0.49,Technology
2025-10-03,5661.3,5683.6,5712.3,5636.8,766.59M,-0.32,Technology
2025-10-06,5693.4,5698.1,5715.7,5683.7,986.06M,0.57,Technology
2025-10-07,5663.8,5716.1,5726.2,5635.4,852.10M,-0.52,Technology
2025-10-08,5750.0,5678.5,5750.1,5678.5,858.31M,1.52,Technology
